{
    "gprom": {
        "p": {
            "storage": []
        },
        "d": {
            "storage": []
        }
    },
    "smokedduck": {
        "storage": [
            11.0,
            21.25,
            31.5
        ]
    },
    "sqlprov": {
        "storage": [
            0.0078125,
            0.0625,
            96.453125
        ]
    },
    "provsql": {
        "storage": [
            1279.0729166666667,
            1279.0729166666667,
            1876.40625
        ]
    },
    "links": {
        "storage": []
    }
}