{
    "gprom": {
        "p": {
            "times": [
                1.2861859999999998,
                1.40504,
                5.5066440000000005
            ],
            "variances": [
                2.0393598095237896e-06,
                3.0228766190475777e-06,
                0.004297418295809537
            ],
            "var-time": [
                1.5855870064856794e-06,
                2.1514523565504025e-06,
                0.0007804060505472184
            ]
        },
        "d": {
            "times": [
                0.131,
                0.361,
                0.576
            ],
            "variances": [
                2.857142857142862e-07,
                1.619047619047622e-06,
                5.285714285714295e-06
            ],
            "var-time": [
                2.1810250817884443e-06,
                4.484896451655463e-06,
                9.17658730158732e-06
            ]
        }
    },
    "smokedduck": {
        "1": {
            "times": [
                0.0521,
                0.174,
                0.275
            ],
            "variances": [
                3.5142857142857275e-07,
                3.5714285714285777e-06,
                1.1333333333333354e-05
            ],
            "var-time": [
                6.745270085001396e-06,
                2.0525451559934357e-05,
                4.1212121212121284e-05
            ]
        },
        "2": {
            "times": [
                0.6306550000000001,
                0.736614,
                0.8695700000000001
            ],
            "variances": [
                1.535651580952406e-05,
                1.5003949285714524e-05,
                3.2006908952381e-05
            ],
            "var-time": [
                2.435010554030977e-05,
                2.036880820309487e-05,
                3.680774285265245e-05
            ]
        }
    },
    "sqlprov": {
        "1": {
            "times": [
                2.204691,
                2.221083,
                24.635908999999998
            ],
            "variances": [
                0.00031871594314285723,
                9.423982347618952e-05,
                0.017999289374619042
            ],
            "logsize": [],
            "var-time": [
                0.00014456263628003074,
                4.242967213570565e-05,
                0.000730611944321561
            ]
        },
        "2": {
            "times": [
                6.097468,
                10.242049999999999,
                13.047674
            ],
            "variances": [
                0.0006430002102857233,
                0.011918485895476229,
                0.014848381486238188
            ],
            "var-time": [
                0.0001054536424439986,
                0.0011636816746136008,
                0.00113800984652423
            ]
        }
    },
    "provsql": {
        "times": [
            184.914861,
            179.645398,
            173.15850899999998
        ],
        "variances": [
            32.53500560618096,
            0.6453500813890108,
            1.7197662476320348
        ],
        "var-time": [
            0.17594586735882173,
            0.0035923552096169525,
            0.009931745529363706
        ]
    },
    "links": {
        "times": [],
        "variances": [],
        "var-time": []
    },
    "postgresql": {
        "times": [
            0.40730099999999997,
            0.426819,
            3.32567
        ],
        "variances": [
            1.5740151428571679e-06,
            5.607866666666628e-07,
            0.0015066569514761983
        ],
        "var-time": [
            3.864501051696824e-06,
            1.3138746556893267e-06,
            0.0004530386212330743
        ]
    },
    "duckdb": {
        "times": [
            0.0471,
            0.168,
            0.263
        ],
        "variances": [
            5.990476190476209e-07,
            1.285714285714288e-06,
            1.0952380952380972e-05
        ],
        "var-time": [
            1.2718633100798744e-05,
            7.653061224489809e-06,
            4.164403403947137e-05
        ]
    }
}
