{
    "gprom": {
        "p": {
            "times": [
                0.395395,
                0.407392,
                0.423906
            ],
            "variances": [
                3.5953269523809404e-06,
                5.5240904761904595e-06,
                2.5502958095237644e-06
            ],
            "var-time": [
                9.093000549781713e-06,
                1.3559643969912173e-05,
                6.016182383650537e-06
            ]
        },
        "d": {
            "times": [
                0.0113,
                0.0141,
                0.0157
            ],
            "variances": [
                4.571428571428573e-08,
                1.5333333333333314e-07,
                3.619047619047635e-08
            ],
            "var-time": [
                4.045512010113782e-06,
                1.0874704491725755e-05,
                2.3051258720048632e-06
            ]
        }
    },
    "smokedduck": {
        "1": {
            "times": [
                0.0578,
                0.0604,
                0.191
            ],
            "variances": [
                2.4571428571428497e-07,
                4.090476190476186e-07,
                2.238095238095242e-06
            ],
            "var-time": [
                4.251112209589706e-06,
                6.77231157363607e-06,
                1.1717776115681896e-05
            ]
        },
        "2": {
            "times": [
                0.6325770000000001,
                0.737524,
                0.872517
            ],
            "variances": [
                5.50590690476198e-06,
                1.0964112904761815e-05,
                2.826312190476202e-05
            ],
            "var-time": [
                8.703931544716264e-06,
                1.4866109990673953e-05,
                3.2392631782259854e-05
            ]
        }
    },
    "sqlprov": {
        "1": {
            "times": [
                1.395287,
                3.4466900000000003,
                7.893237
            ],
            "variances": [
                3.1571862380950857e-06,
                0.004337953894142851,
                0.004482189900618996
            ],
            "logsize": [],
            "var-time": [
                2.2627504148573634e-06,
                0.001258585452751147,
                0.0005678519345889394
            ]
        },
        "2": {
            "times": [
                3.2e-05,
                0.000544,
                0.653193
            ],
            "variances": [
                1.0809523809523814e-11,
                8.285714285714218e-12,
                1.7998988809523444e-05
            ],
            "var-time": [
                3.377976190476192e-07,
                1.5231092436974665e-08,
                2.7555391453251097e-05
            ]
        }
    },
    "provsql": {
        "times": [
            10.236042,
            5.213444000000001,
            13.297996999999999
        ],
        "variances": [
            0.032803284787000044,
            0.005374593632333351,
            7.986973633330976e-05
        ],
        "var-time": [
            0.0032046844656362337,
            0.0010309103986411573,
            6.006147868232319e-06
        ]
    },
    "links": {
        "times": [],
        "variances": [],
        "var-time": []
    },
    "postgresql": {
        "times": [
            0.30139,
            0.30227,
            2.1027139999999997
        ],
        "variances": [
            4.697272857143157e-07,
            5.509313333333418e-07,
            0.005251561526619037
        ],
        "var-time": [
            1.5585364003925668e-06,
            1.8226464198674755e-06,
            0.0024975158422015724
        ]
    },
    "duckdb": {
        "times": [
            0.0495,
            0.0513,
            0.178
        ],
        "variances": [
            1.2952380952380902e-07,
            8.580952380952388e-07,
            4.333333333333341e-06
        ],
        "var-time": [
            2.6166426166426063e-06,
            1.6727002691914987e-05,
            2.4344569288389554e-05
        ]
    }
}