{
    "gprom": {
        "p": {
            "times": [
                6.390124,
                6.585831,
                16.027707,
                33.508372
            ],
            "variances": [
                0.00011348087714285435,
                0.00019255761828571692,
                0.0008757117384761972,
                0.016544153396619223
            ],
            "var-time": [
                1.775879108806877e-05,
                2.9238165735761656e-05,
                5.46373688061678e-05,
                0.0004937319365028902
            ]
        },
        "d": {
            "times": [
                1.98,
                3.98,
                3.28,
                4.35
            ],
            "variances": [
                2.857142857142862e-05,
                9.047619047619042e-05,
                2.8571428571427355e-05,
                0.0001904761904761938
            ],
            "var-time": [
                1.4430014430014455e-05,
                2.2732711174922217e-05,
                8.710801393727852e-06,
                4.378762999452731e-05
            ]
        }
    },
    "smokedduck": {
        "1": {
            "times": [
                0.876,
                1.98,
                0.0573,
                0.319
            ],
            "variances": [
                7.680952380952394e-05,
                2.380952380952385e-05,
                3.9285714285714207e-07,
                5.952380952380963e-06
            ],
            "var-time": [
                8.768210480539263e-05,
                1.2025012025012046e-05,
                6.856145599601084e-06,
                1.865950141812214e-05
            ]
        },
        "2": {
            "times": [
                2.55058,
                12.990735,
                3.510661,
                5.330699
            ],
            "variances": [
                4.7584814333333307e-05,
                0.0031112573969523235,
                0.0009649491779047674,
                0.0010281138554761819
            ],
            "var-time": [
                1.8656468071314488e-05,
                0.00023949818058426436,
                0.0002748625338375786,
                0.0001928666119539261
            ]
        }
    },
    "sqlprov": {
        "1": {
            "times": [
                412.380158,
                409.351038,
                39.914750999999995,
                40.314789
            ],
            "variances": [
                7.93531835342493,
                0.13269237294100428,
                0.022697429154333818,
                0.012852611140333918
            ],
            "logsize": [],
            "var-time": [
                0.019242725915597836,
                0.00032415301446238,
                0.000568647644935423,
                0.00031880636012590613
            ]
        },
        "2": {
            "times": [
                208.420889,
                197.103989,
                17.190465,
                29.782441
            ],
            "variances": [
                0.08735993146533494,
                0.0010391878613321725,
                9.869663333335368e-07,
                0.0014882094143333505
            ],
            "var-time": [
                0.0004191515153998549,
                5.272282243522593e-06,
                5.741359139113089e-08,
                4.99693565860955e-05
            ]
        }
    },
    "provsql": {
        "times": [],
        "variances": [],
        "var-time": []
    },
    "links": {
        "times": [],
        "variances": [],
        "var-time": []
    },
    "postgresql": {
        "times": [
            3.34612,
            3.331108,
            0.40633800000000003,
            0.409587
        ],
        "variances": [
            3.785132952380868e-06,
            1.8019221952381216e-05,
            2.922440666666693e-06,
            1.2605623809523918e-07
        ],
        "var-time": [
            1.1312006002118477e-06,
            5.40937788639132e-06,
            7.192142173920954e-06,
            3.077642554457031e-07
        ]
    },
    "duckdb": {
        "times": [
            0.714,
            1.79,
            0.0522,
            0.313
        ],
        "variances": [
            4.5714285714285796e-06,
            2.380952380952385e-05,
            2.528571428571431e-07,
            5.333333333333343e-06
        ],
        "var-time": [
            6.4025610244097755e-06,
            1.3301409949454664e-05,
            4.844006568144504e-06,
            1.70394036208733e-05
        ]
    }
}