{
    "gprom": {
        "p": {
            "times": [
                2.484853,
                0.07695,
                0.004339000000000001,
                0.080417,
                0.075404,
                0.004709,
                0.0044269999999999995,
                0.004817999999999999,
                0.005225,
                2.484092,
                0.07521800000000001,
                0.004352,
                0.08084699999999999,
                0.075709,
                0.004727,
                0.004439,
                0.0048319999999999995,
                0.005269
            ],
            "variances": [
                6.749762904761409e-06,
                7.170520828571432e-05,
                2.223809523809602e-11,
                6.56757142857213e-09,
                1.1735926190476158e-06,
                2.9161238095238133e-08,
                4.228571428571564e-11,
                6.86190476190496e-11,
                3.664761904761884e-10,
                1.1651430285714586e-05,
                0.00013006544447619045,
                1.2639285714285669e-08,
                8.591501428571445e-07,
                2.0814238095238115e-08,
                1.0023809523809838e-10,
                1.429523809523791e-10,
                2.664361904761904e-08,
                4.919047619047583e-10
            ],
            "var-time": [
                2.7163630624271973e-06,
                0.0009318415631671777,
                5.125165991725286e-09,
                8.166894348921409e-08,
                1.5564063167041746e-05,
                6.192660457684887e-06,
                9.551776436800461e-09,
                1.4242226570994108e-08,
                7.013898382319395e-08,
                4.690418183269616e-06,
                0.001729179777130347,
                2.9042476365546114e-06,
                1.0626864854071821e-05,
                2.749242242697449e-07,
                2.1205435844742623e-08,
                3.2203735290015564e-08,
                5.513994008199305e-06,
                9.335827707435155e-08
            ]
        },
        "d": {
            "times": [
                0.429,
                0.0423,
                0.026,
                0.0088,
                0.009,
                0.0015,
                0.0007,
                0.0007,
                0.001,
                0.427,
                0.0421,
                0.0257,
                0.0088,
                0.009,
                0.0015,
                0.0007,
                0.0007,
                0.001
            ],
            "variances": [
                4.8095238095238185e-06,
                9.466666666666689e-07,
                3.3904761904761876e-07,
                3.571428571428553e-08,
                2.1428571428571548e-08,
                1.4285714285714298e-09,
                0.0,
                1.4285714285714298e-09,
                2.380952380952383e-09,
                1.285714285714288e-06,
                7.028571428571414e-07,
                1.790476190476188e-07,
                2.3809523809524348e-09,
                2.3809523809524348e-09,
                0.0,
                0.0,
                0.0,
                0.0
            ],
            "var-time": [
                1.1211011211011232e-05,
                2.237982663514584e-05,
                1.304029304029303e-05,
                4.058441558441537e-06,
                2.3809523809523943e-06,
                9.523809523809532e-07,
                0.0,
                2.040816326530614e-06,
                2.380952380952383e-06,
                3.0110404817664825e-06,
                1.6694944010858466e-05,
                6.966833425977386e-06,
                2.705627705627767e-07,
                2.6455026455027054e-07,
                0.0,
                0.0,
                0.0,
                0.0
            ]
        }
    },
    "smokedduck": {
        "1": {
            "times": [
                0.438,
                0.0358,
                0.0196,
                0.01,
                0.0104,
                0.0015,
                0.0007,
                0.0008,
                0.001,
                0.0004,
                0.0004,
                0.0004,
                0.0004,
                0.0005,
                0.0004,
                0.0004,
                0.0004,
                0.0005
            ],
            "variances": [
                1.780952380952384e-05,
                2.761904761904782e-07,
                2.247619047619051e-07,
                6.190476190476198e-09,
                3.14285714285713e-08,
                2.380952380952383e-09,
                0.0,
                0.0,
                0.0,
                0.0,
                0.0,
                0.0,
                0.0,
                2.3809523809523806e-09,
                1.4285714285714284e-09,
                0.0,
                2.8571428571428568e-09,
                2.380952380952378e-09
            ],
            "var-time": [
                4.066101326375306e-05,
                7.714817770683748e-06,
                1.1467444120505363e-05,
                6.190476190476198e-07,
                3.0219780219780095e-06,
                1.5873015873015886e-06,
                0.0,
                0.0,
                0.0,
                0.0,
                0.0,
                0.0,
                0.0,
                4.761904761904761e-06,
                3.571428571428571e-06,
                0.0,
                7.142857142857142e-06,
                4.7619047619047564e-06
            ]
        },
        "2": {
            "times": [
                2.309063,
                0.36882,
                0.135738,
                0.046146999999999994,
                0.049601,
                0.017671000000000003,
                0.003722,
                0.0040609999999999995,
                0.009244,
                6.370692,
                0.14674299999999998,
                0.023316999999999997,
                0.110765,
                0.128876,
                0.010009,
                0.016993,
                0.008579999999999999,
                0.014609
            ],
            "variances": [
                0.00017843114428571266,
                2.4671169523809985e-06,
                1.0092550571428542e-05,
                6.058847619047593e-08,
                4.5042476190475886e-08,
                6.6239523809525286e-09,
                4.376904761904763e-09,
                5.064904761904794e-09,
                1.0978285714285749e-08,
                0.0015612126313333315,
                3.341966190476199e-07,
                2.1159904761904725e-08,
                8.939282857142848e-07,
                6.235919047619081e-07,
                1.2043142857142834e-08,
                2.915147619047576e-08,
                6.268952380952368e-09,
                8.129952380952302e-09
            ],
            "var-time": [
                7.727426418669073e-05,
                6.68921683309202e-06,
                7.435316986715983e-05,
                1.3129450709791739e-06,
                9.08096130934374e-07,
                3.748487567739532e-07,
                1.175955067679947e-06,
                1.2472062944852979e-06,
                1.1876120417877271e-06,
                0.00024506170308238596,
                2.2774280139265243e-06,
                9.07488303036614e-07,
                8.070494160739266e-06,
                4.838696923879606e-06,
                1.2032313774745563e-06,
                1.7154990990687788e-06,
                7.306471306471293e-07,
                5.565030036930866e-07
            ]
        }
    },