{
    "gprom": {
        "p": {
            "storage": []
        },
        "d": {
            "storage": []
        }
    },
    "smokedduck": {
        "storage": []
    },
    "sqlprov": {
        "storage": [
            6510.4296875,
            130.21875,
            6.5234375,
            130.21875,
            130.21875,
            6.5234375,
            6.5234375,
            6.5234375,
            6.5546875,
            0.015625,
            0.015625,
            0.046875,
            0.015625,
            0.015625,
            0.046875,
            0.046875,
            0.046875,
            0.1796875
        ]
    },
    "provsql": {
        "storage": [
            2729.75,
            41.75,
            1.75,
            41.75,
            41.75,
            1.75,
            0.0,
            0.0,
            0.0,
            0.0,
            0.0,
            0.0,
            0.0,
            0.0,
            0.0,
            0.0,
            0.0,
            0.0
        ]
    },
    "links": {
        "storage": []
    }
}