{
    "gprom": {
        "p": {
            "times": [
                5.779356,
                6.914519,
                7.685878,
                3.0770239999999998,
                0.120452,
                0.095681
            ],
            "variances": [
                0.0001533676840000008,
                0.00010553936980952599,
                8.974641361904286e-05,
                1.0920945000000278e-05,
                1.3962962380952315e-06,
                3.4020524761904693e-06
            ],
            "var-time": [
                2.6537158119347693e-05,
                1.526344345998991e-05,
                1.1676793935454461e-05,
                3.549190711544752e-06,
                1.1592138263335033e-05,
                3.555619690628724e-05
            ]
        },
        "d": {
            "times": [],
            "variances": [],
            "var-time": []
        }
    },
    "smokedduck": {
        "1": {
            "times": [],
            "variances": [],
            "var-time": []
        },
        "2": {
            "times": [],
            "variances": [],
            "var-time": []
        }
    },
    "sqlprov": {
        "1": {
            "times": [],
            "variances": [],
            "logsize": [],
            "var-time": []
        },
        "2": {
            "times": [],
            "variances": [],
            "var-time": []
        }
    },
    "provsql": {
        "times": [],
        "variances": [],
        "var-time": []
    },
    "links": {
        "times": [],
        "variances": [],
        "var-time": []
    },
    "postgresql": {
        "times": [],
        "variances": [],
        "var-time": []
    },
    "duckdb": {
        "times": [],
        "variances": [],
        "var-time": []
    }
}