{
    "gprom": {
        "dt": {
            "p": {
                "times": [],
                "variances": [],
                "rescnt": [],
                "var-time": []
            },
            "d": {
                "times": [],
                "variances": [],
                "rescnt": [],
                "var-time": []
            }
        },
        "id": {
            "p": {
                "times": [],
                "variances": [],
                "rescnt": [],
                "var-time": []
            },
            "d": {
                "times": [],
                "variances": [],
                "rescnt": [],
                "var-time": []
            }
        }
    },
    "smokedduck": {
        "1": {
            "times": [
                0.218,
                0.22,
                0.221,
                0.219,
                0.219
            ],
            "variances": [
                5.714285714285724e-07,
                4.76190476190477e-07,
                6.190476190476202e-07,
                2.238095238095242e-06,
                9.52380952380954e-07
            ],
            "var-time": [
                2.621231979030149e-06,
                2.164502164502168e-06,
                2.801120448179277e-06,
                1.0219612959339005e-05,
                4.3487714720591505e-06
            ]
        },
        "2": {
            "times": [
                0.946,
                0.954,
                0.948,
                0.944,
                0.95
            ],
            "variances": [
                2.295238095238068e-05,
                5.7809523809523915e-05,
                1.990476190476194e-05,
                3.64761904761902e-05,
                6.238095238095249e-06
            ],
            "var-time": [
                2.426255914627979e-05,
                6.0596985125287125e-05,
                2.0996584287723564e-05,
                3.8640032284099794e-05,
                6.5664160401002625e-06
            ]
        },
        "3": {
            "times": [
                1.28,
                1.28,
                1.28,
                1.28,
                1.28
            ],
            "variances": [
                4.76190476190477e-05,
                4.76190476190477e-05,
                4.76190476190477e-05,
                8.09523809523811e-05,
                8.09523809523811e-05
            ],
            "var-time": [
                3.720238095238102e-05,
                3.720238095238102e-05,
                3.720238095238102e-05,
                6.324404761904774e-05,
                6.324404761904774e-05
            ]
        },
        "4": {
            "times": [
                0.2339,
                0.2342,
                0.2332,
                0.23299999999999998,
                0.2388
            ],
            "variances": [
                2.5357142857142874e-06,
                8.604761904761945e-06,
                3.2161904761904863e-06,
                2.5114285714285785e-06,
                7.989523809523835e-06
            ],
            "var-time": [
                1.0841018750381734e-05,
                3.674108413647287e-05,
                1.3791554357592138e-05,
                1.077866339668918e-05,
                3.345696737656547e-05
            ]
        },
        "5": {
            "times": [
                0.0,
                0.0,
                0.0,
                0.0,
                0.0
            ],
            "variances": [
                0.0,
                0.0,
                0.0,
                0.0,
                0.0
            ],
            "var-time": [
                0.0,
                0.0,
                0.0,
                0.0,
                0.0
            ]
        },
        "6": {
            "times": [
                0.0006,
                0.0013,
                0.008,
                0.0386,
                0.0688
            ],
            "variances": [
                1.4285714285714267e-09,
                2.380952380952383e-09,
                1.4285714285714112e-09,
                1.3571428571428615e-07,
                2.2380952380952408e-08
            ],
            "var-time": [
                2.3809523809523782e-06,
                1.8315018315018333e-06,
                1.785714285714264e-07,
                3.515914137675807e-06,
                3.253045404208199e-07
            ]
        }
    },
    "sqlprov": {
        "1": {
            "times": [
                41.132517,
                41.187673000000004,
                41.352539,
                41.179624000000004,
                41.175683
            ],
            "variances": [
                0.02082049072780953,
                0.01464450935681009,
                0.1409308519811443,
                0.01697575357847611,
                0.04735734204095273
            ],
            "logsize": [],
            "var-time": [
                0.0005061808089159613,
                0.0003555556381349849,
                0.003408033832726554,
                0.0004122367309248892,
                0.0011501288768167544
            ]
        },
        "2": {
            "times": [
                16.070621,
                16.465751,
                16.226141,
                16.146868,
                16.150793
            ],
            "variances": [
                0.0011375031988095678,
                0.0009848889713333588,
                0.003217633834285731,
                0.008736491117904754,
                0.0010648023701428245
            ],
            "var-time": [
                7.078153350823019e-05,
                5.981439724998627e-05,
                0.00019829938827018275,
                0.0005410641319359738,
                6.592879805609697e-05
            ]
        },
        "3": {
            "times": [],
            "variances": [],
            "var-time": []
        },
        "4": {
            "times": [
                1.662723,
                1.7202220000000001,
                1.670665,
                1.682876,
                1.663349
            ],
            "variances": [
                3.904825476190588e-06,
                1.976494480952339e-05,
                0.000305406196476192,
                4.296890666666572e-05,
                0.00044068848795238185
            ],
            "var-time": [
                2.3484521932941256e-06,
                1.1489764001113453e-05,
                0.00018280516828699471,
                2.5533020060102896e-05,
                0.0002649404832974811
            ]
        },
        "5": {
            "times": [],
            "variances": [],
            "var-time": []
        },
        "6": {
            "times": [
                0.016408000000000002,
                0.021317,
                0.118452,
                0.42420800000000003,
                0.7877580000000001
            ],
            "variances": [
                2.3864761904762327e-09,
                1.3567423809523802e-07,
                1.6354333333333613e-08,
                4.978935999999977e-06,
                9.622753333333575e-07
            ],
            "var-time": [
                1.4544589166724967e-07,
                6.36460280974049e-06,
                1.3806717770348844e-07,
                1.1737015803568006e-05,
                1.2215367325160232e-06
            ]
        }
    },
    "provsql": {
        "1": {
            "times": [
                242.2775,
                245.27266699999998,
                242.236326,
                245.627005,
                239.45366
            ],
            "variances": [
                20.615831054856162,
                0.3904542345463327,
                21.692220837801266,
                21.874709400302326,
                14.627113064964332
            ],