{
    "gprom": {
        "p": {
            "storage": []
        },
        "d": {
            "storage": []
        }
    },
    "smokedduck": {
        "p0": [
            63.0,
            63.0,
            63.0,
            63.0,
            63.0
        ],
        "p3": [
            43.2,
            43.2,
            43.2,
            43.2,
            43.2
        ],
        "p5": [
            3.0,
            3.0,
            3.0,
            3.0,
            3.0
        ]
    },
    "sqlprov": {
        "p0": [
            651.109375,
            651.109375,
            651.109375,
            651.109375,
            651.109375
        ],
        "p3": [
            346.0,
            346.0,
            346.0,
            346.0,
            346.0
        ],
        "p5": [
            50.5,
            50.5,
            50.5,
            50.5,
            50.5
        ]
    },
    "provsql": {
        "p0": [
            1279.0729166666667,
            1279.03125,
            1279.0416666666667,
            1279.0442708333333,
            1279.0442708333333
        ],
        "p3": [
            50.0,
            50.0,
            50.0,
            50.0,
            50.0
        ],
        "p5": [
            66.5078125,
            66.5078125,
            66.5,
            66.5,
            66.5
        ]
    },
    "links": {
        "storage": []
    }
}