{
    "gprom": {
        "dt": {
            "p": {
                "times": [
                    3.576074,
                    3.802311,
                    3.999251,
                    4.778442,
                    5.549595999999999
                ],
                "variances": [
                    2.9663238904759484e-05,
                    2.502260180952276e-05,
                    0.00012819363028571432,
                    0.0001114333829523905,
                    0.0002325641090000073
                ],
                "rescnt": [],
                "var-time": [
                    8.294917528205367e-06,
                    6.580892991005407e-06,
                    3.205440975965608e-05,
                    2.3320024173651267e-05,
                    4.190649355376632e-05
                ]
            },
            "d": {
                "times": [
                    0.143,
                    0.146,
                    0.246,
                    0.522,
                    0.826
                ],
                "variances": [
                    6.666666666666679e-07,
                    1.2380952380952403e-06,
                    8.238095238095252e-06,
                    2.4761904761904806e-06,
                    6.904761904761917e-06
                ],
                "rescnt": [],
                "var-time": [
                    4.662004662004671e-06,
                    8.480104370515345e-06,
                    3.348819202477745e-05,
                    4.743659916073717e-06,
                    8.359275913755348e-06
                ]
            }
        },
        "id": {
            "p": {
                "times": [],
                "variances": [],
                "rescnt": [],
                "var-time": []
            },
            "d": {
                "times": [],
                "variances": [],
                "rescnt": [],
                "var-time": []
            }
        }
    },
    "smokedduck": {
        "1": {
            "times": [],
            "variances": [],
            "var-time": []
        },
        "2": {
            "times": [],
            "variances": [],
            "var-time": []
        },
        "3": {
            "times": [],
            "variances": [],
            "var-time": []
        },
        "4": {
            "times": [],
            "variances": [],
            "var-time": []
        },
        "5": {
            "times": [],
            "variances": [],
            "var-time": []
        },
        "6": {
            "times": [],
            "variances": [],
            "var-time": []
        }
    },
    "sqlprov": {
        "1": {
            "times": [],
            "variances": [],
            "logsize": [],
            "var-time": []
        },
        "2": {
            "times": [],
            "variances": [],
            "var-time": []
        },
        "3": {
            "times": [],
            "variances": [],
            "var-time": []
        },
        "4": {
            "times": [],
            "variances": [],
            "var-time": []
        },
        "5": {
            "times": [],
            "variances": [],
            "var-time": []
        },
        "6": {
            "times": [],
            "variances": [],
            "var-time": []
        }
    },
    "provsql": {
        "1": {
            "times": [],
            "variances": [],
            "var-time": []
        },
        "2": {
            "times": [],
            "variances": [],
            "var-time": []
        },
        "3": {
            "times": [],
            "variances": [],
            "var-time": []
        },
        "4": {
            "times": [],
            "variances": [],
            "var-time": []
        },
        "5": {
            "times": [],
            "variances": [],
            "var-time": []
        },
        "6": {
            "times": [],
            "variances": [],
            "var-time": []
        }
    }
}