{
    "gprom": {
        "dt": {
            "p": {
                "times": [],
                "variances": [],
                "rescnt": [],
                "var-time": []
            },
            "d": {
                "times": [],
                "variances": [],
                "rescnt": [],
                "var-time": []
            }
        },
        "id": {
            "p": {
                "times": [],
                "variances": [],
                "rescnt": [],
                "var-time": []
            },
            "d": {
                "times": [],
                "variances": [],
                "rescnt": [],
                "var-time": []
            }
        }
    },
    "smokedduck": {
        "1": {
            "times": [
                0.0784,
                0.0797,
                0.0818
            ],
            "variances": [
                2.657142857142886e-07,
                9.45714285714289e-07,
                1.17571428571428e-06
            ],
            "var-time": [
                3.389212827988375e-06,
                1.1865925793152937e-05,
                1.4373035277680685e-05
            ]
        },
        "2": {
            "times": [
                0.299,
                0.299,
                0.301
            ],
            "variances": [
                6.904761904761917e-06,
                4.904761904761914e-06,
                2.9523809523809576e-06
            ],
            "var-time": [
                2.3092849179805746e-05,
                1.640388596910339e-05,
                9.808574592627765e-06
            ]
        },
        "3": {
            "times": [
                0.413,
                0.409,
                0.411
            ],
            "variances": [
                1.7142857142857172e-05,
                9.571428571428588e-06,
                6.285714285714297e-06
            ],
            "var-time": [
                4.1508128675198964e-05,
                2.3402025847013664e-05,
                1.5293708724365688e-05
            ]
        },
        "4": {
            "times": [
                0.0912,
                0.09119999999999999,
                0.09169999999999999
            ],
            "variances": [
                3.052380952380942e-06,
                2.9233333333333466e-06,
                1.3347619047619095e-06
            ],
            "var-time": [
                3.346908939014191e-05,
                3.205409356725161e-05,
                1.4555745962507194e-05
            ]
        },
        "5": {
            "times": [
                0.0,
                0.0,
                0.0
            ],
            "variances": [
                0.0,
                0.0,
                0.0
            ],
            "var-time": [
                0.0,
                0.0,
                0.0
            ]
        },
        "6": {
            "times": [
                0.0002,
                0.0,
                0.0,
                0.0001,
                0.0,
                0.0,
                0.0001,
                0.0,
                0.0,
                0.0001,
                0.0,
                0.0,
                0.0001,
                0.0,
                0.0,
                0.0001,
                0.0003,
                0.0,
                0.0,
                0.0002,
                0.0,
                0.0,
                0.0002,
                0.0,
                0.0,
                0.0002,
                0.0,
                0.0,
                0.0002,
                0.0,
                0.0001,
                0.0,
                0.0003,
                0.0,
                0.0,
                0.0002,
                0.0,
                0.0,
                0.0002,
                0.0,
                0.0,
                0.0002,
                0.0,
                0.0,
                0.0002
            ],
            "variances": [
                9.999999999999992e-10,
                2.666666666666667e-09,
                0.0,
                0.0,
                0.0,
                0.0,
                0.0,
                0.0,
                0.0,
                0.0,
                0.0,
                0.0,
                0.0,
                0.0,
                0.0,
                0.0,
                1.7777777777777765e-09,
                0.0,
                1e-09,
                2.666666666666667e-09,
                0.0,
                0.0,
                0.0,
                0.0,
                0.0,
                0.0,
                0.0,
                0.0,
                0.0,
                0.0,
                0.0,
                1.777777777777778e-09,
                1.0000000000000009e-09,
                0.0,
                0.0,
                0.0,
                0.0,
                0.0,
                0.0,
                0.0,
                0.0,
                0.0,
                0.0,
                0.0,
                0.0
            ],
            "var-time": [
                4.999999999999996e-06,
                0.0,
                0.0,
                0.0,
                0.0,
                0.0,
                0.0,
                0.0,
                0.0,
                0.0,
                0.0,
                0.0,
                0.0,
                0.0,
                0.0,
                0.0,
                5.9259259259259224e-06,
                0.0,
                0.0,
                1.3333333333333335e-05,
                0.0,
                0.0,
                0.0,
                0.0,
                0.0,
                0.0,
                0.0,
                0.0,
                0.0,
                0.0,
                0.0,
                0.0,
                3.3333333333333367e-06,
                0.0,
                0.0,
                0.0,
                0.0,
                0.0,
                0.0,
                0.0,
                0.0,
                0.0,
                0.0,
                0.0,
                0.0
            ]
        }
    },
    "sqlprov": {
        "1": {
            "times": [
                13.572333,
                13.639958,
                13.639944
            ],
            "variances": [
                0.004017680959999986,
                0.0015286054759047867,
                0.01732269453523818
            ],
            "logsize": [],
            "var-time": [
                0.000296019922293388,
                0.00011206819521766758,
                0.0012699974820452474
            ]
        },
        "2": {
            "times": [
                6.452834,
                6.415885,
                6.426724
            ],
            "variances": [
                0.0012290555869999868,
                0.0014002534642380909,
                0.0010409055699523923
            ],
            "var-time": [
                0.0001904675661887454,
                0.00021824790566509386,
                0.00016196518941102687
            ]
        },
        "3": {
            "times": [],
            "variances": [],
            "var-time": []
        },
        "4": {
            "times": [
                0.592084,
                0.59234,
                0.593588
            ],
            "variances": [
                2.0699772857142243e-06,
                6.426840952381034e-06,
                3.024623285714314e-06
            ],
            "var-time": [
                3.4960871864705414e-06,
                1.0849918885067756e-05,
                5.095492640879388e-06
            ]
        },
        "5": {
            "times": [],
            "variances": [],
            "var-time": []
        },