{
    "gp": {
        "res": {
            "RSingle": 0.003002,
            "Rp1": 0.0048895,
            "Rp5": 0.017127499999999997
        },
        "map": {
            "MSingle": 0.002742,
            "Mp1": 0.0047775,
            "Mp5": 0.0179415
        }
    },
    "gd": {
        "res": {
            "RSingle": 0.0056500000000000005,
            "Rp1": 0.0073,
            "Rp5": 0.0079
        },
        "map": {
            "MSingle": 0.0083,
            "Mp1": 0.0109,
            "Mp5": 0.012
        }
    },
    "pr": {
        "res": {
            "p2": 223.02988649999998,
            "p4": 0.19143549999999998,
            "R3Single": 1.1053045,
            "R3p1": 1.08754,
            "R3p5": 1.0912685
        },
        "map": {
            "M3Single": 5.1464125,
            "M3p1": 1.1446815,
            "M3p5": 1.211659
        }
    },
    "sp": {
        "res": {
            "p1": 13.0792025,
            "p2": 0.861256,
            "p4": 0.9314405,
            "R6Single": 0.0763925,
            "R6p1": 0.0790055,
            "R6p5": 0.083734
        },
        "map": {
            "M6Single": 0.366998,
            "M6p1": 0.0863515,
            "M6p5": 0.107715
        }
    },
    "smd": {
        "res": {
            "p1": 0.0381,
            "p2": 0.1195,
            "p4": 0.03065,
            "R6Single": 0.07175,
            "R6p1": 0.0688,
            "R6p5": 0.0875
        },
        "map": {
            "M6Single": 0.07375000000000001,
            "M6p1": 0.0721,
            "M6p5": 0.1085
        }
    }
}