{
    "gprom": {
        "dt": {
            "p": {
                "times": [
                    1.6735795000000002,
                    1.493947,
                    1.501408,
                    1.9144255000000001,
                    1.9014145,
                    1.8893760000000002,
                    1.9471064999999999,
                    1.9133939999999998,
                    1.912035,
                    1.9838719999999999,
                    1.899435,
                    1.8913600000000002,
                    2.1308995,
                    1.8979105,
                    1.8952615,
                    1.5127725,
                    1.653926,
                    1.4996555,
                    1.91548,
                    1.9217814999999998,
                    1.900638,
                    1.913682,
                    1.966339,
                    1.9082835,
                    1.9109825,
                    1.9878740000000001,
                    1.908448,
                    1.9081065000000001,
                    2.1357555,
                    1.9005139999999998,
                    1.5138630000000002,
                    1.498297,
                    1.6632734999999998,
                    1.921558,
                    1.9701945,
                    1.9193455,
                    1.967498,
                    1.916539,
                    1.9870705,
                    1.9186855,
                    1.9600819999999999,
                    1.9823575,
                    1.9674479999999999,
                    1.919465,
                    2.180605
                ],
                "variances": [
                    2.29414040999998e-05,
                    6.936451537777839e-05,
                    1.7500466499999452e-05,
                    3.313650662222268e-05,
                    4.3730251955555706e-05,
                    0.00010079730743333193,
                    5.130525795555537e-05,
                    0.00143599640217778,
                    0.0018185669833444453,
                    0.00012082681217777864,
                    2.8467590000000126e-05,
                    2.770618734444458e-05,
                    1.5613360488889236e-05,
                    3.0152553122222366e-05,
                    2.117453537777781e-05,
                    4.165901072222293e-05,
                    2.4477710666666055e-05,
                    3.316292445555587e-05,
                    0.0014909540702666636,
                    2.8968827066666657e-05,
                    0.0016448879300111103,
                    0.0007400585415666651,
                    0.003761413928011115,
                    0.001413206028055556,
                    0.0019138320981777804,
                    6.166464533333358e-05,
                    0.0019958588909333333,
                    0.00010333558534444342,
                    0.0018131614637333364,
                    5.9218469166666496e-05,
                    2.3474638944444607e-05,
                    4.837404156666668e-05,
                    0.0005160021699555569,
                    0.0005859454067666669,
                    0.003339631185877772,
                    0.004479958450099992,
                    0.0034517688072111135,
                    0.0007111449963222195,
                    0.0031256560874333415,
                    7.358892454444448e-05,
                    0.002035691248488888,
                    2.6774479511110734e-05,
                    0.0021057464516000017,
                    7.199710845555512e-05,
                    0.0022645861582666614
                ],
                "rescnt": [],
                "var-time": [
                    1.3707985847101854e-05,
                    4.6430372280796035e-05,
                    1.1656036533706661e-05,
                    1.7308851465999945e-05,
                    2.2998800080443116e-05,
                    5.33495225054896e-05,
                    2.6349487280513612e-05,
                    0.0007504969714432992,
                    0.0009511159488944739,
                    6.090454030188372e-05,
                    1.4987398884405167e-05,
                    1.4648817435308232e-05,
                    7.32712194492947e-06,
                    1.5887236580556546e-05,
                    1.1172355570868617e-05,
                    2.7538186159665733e-05,
                    1.4799761698326319e-05,
                    2.2113695082341155e-05,
                    0.0007783709933106394,
                    1.5073944184948528e-05,
                    0.0008654398838764195,
                    0.0003867197066005037,
                    0.0019129020621627881,
                    0.0007405639822676012,
                    0.0010014911691644379,
                    3.102039934791318e-05,
                    0.001045802081551781,
                    5.415608895229035e-05,
                    0.0008489555399638846,
                    3.115918597109335e-05,
                    1.550644869743471e-05,
                    3.2286016435103775e-05,
                    0.00031023290514491873,
                    0.0003049324593723775,
                    0.0016950769002135433,
                    0.00233410735591898,
                    0.0017543950780184343,
                    0.0003710568876094979,
                    0.00157299707656741,
                    3.835382325266151e-05,
                    0.0010385745333556903,
                    1.350638293602982e-05,
                    0.0010702933198742746,
                    3.750894569869996e-05,
                    0.0010385127789153293
                ]
            },
            "d": {
                "times": [
                    0.0784,
                    0.060200000000000004,
                    0.0601,
                    0.0741,
                    0.05995,
                    0.05995,
                    0.08035,
                    0.0601,
                    0.06005,
                    0.116,
                    0.060450000000000004,
                    0.06055,
                    0.169,
                    0.06005,
                    0.06,
                    0.0629,
                    0.08285000000000001,
                    0.063,
                    0.0627,
                    0.0814,
                    0.0624,
                    0.063,
                    0.08854999999999999,
                    0.06335,
                    0.06265000000000001,
                    0.137,
                    0.06265,
                    0.06305,
                    0.1845,
                    0.0634,
                    0.0639,
                    0.06305,
                    0.08135,
                    0.0642,
                    0.06345,
                    0.07894999999999999,
                    0.063,
                    0.06375,
                    0.08474999999999999,
                    0.0645,
                    0.0635,
                    0.127,
                    0.0636,
                    0.06420000000000001,
                    0.182
                ],