{
    "gprom": {
        "p": {
            "storage": []
        },
        "d": {
            "storage": []
        }
    },
    "smokedduck": {
        "p0": [
            21.75,
            21.75,
            21.75
        ],
        "p3": [
            14.7,
            14.7,
            14.7
        ],
        "p5": [
            1.2,
            1.2,
            1.2
        ]
    },
    "sqlprov": {
        "p0": [
            216.8203125,
            216.8203125,
            217.4765625
        ],
        "p3": [
            115.5,
            115.5,
            115.5
        ],
        "p5": [
            17.25,
            17.25,
            17.25
        ]
    },
    "provsql": {
        "p0": [
            319.0729166666667,
            319.0872395833333,
            319.0872395833333
        ],
        "p3": [
            17.0,
            17.0,
            17.0
        ],
        "p5": [
            22.2578125,
            22.2578125,
            22.25
        ]
    },
    "links": {
        "storage": []
    }
}