{
    "gp": {
        "res": {
            "RSingle": 0.0044445,
            "Rp1": 0.022851000000000003,
            "Rp5": 0.056758499999999996
        },
        "map": {
            "MSingle": 0.0054225,
            "Mp1": 0.01659,
            "Mp5": 0.0580295
        }
    },
    "gd": {
        "res": {
            "RSingle": 0.04375,
            "Rp1": 0.04615,
            "Rp5": 0.049100000000000005
        },
        "map": {
            "MSingle": 0.07225000000000001,
            "Mp1": 0.0759,
            "Mp5": 0.079
        }
    },
    "pr": {
        "res": {
            "p2": 124.74894450000001,
            "p4": 0.37893350000000003,
            "R3Single": 0.349588,
            "R3p1": 0.33561399999999997,
            "R3p5": 0.32467100000000004
        },
        "map": {
            "M3Single": 0.0106845,
            "M3p1": 0.3670785,
            "M3p5": 0.4419645
        }
    },
    "sp": {
        "res": {
            "p1": 13.6654905,
            "p2": 6.2795455,
            "p4": 0.0002235,
            "R6Single": 14.7305915,
            "R6p1": 58.476219,
            "R6p5": 225.0903295
        },
        "map": {
            "M6Single": 0.41263550000000004,
            "M6p1": 59.5054145,
            "M6p5": 89.994688
        }
    },
    "smd": {
        "res": {
            "p1": 0.08265,
            "p2": 0.3,
            "p4": 0.0727,
            "R6Single": 0.0285,
            "R6p1": 0.05955,
            "R6p5": 0.06255
        },
        "map": {
            "M6Single": 0.0335,
            "M6p1": 0.06625,
            "M6p5": 0.07835
        }
    }
}