{
    "gprom": {
        "p": {
            "times": [
                0.11580700000000001,
                0.571457,
                0.726281
            ],
            "variances": [
                1.2959546666666622e-06,
                4.436853180952353e-05,
                3.877375733333371e-05
            ],
            "var-time": [
                1.1190641901324291e-05,
                7.764106802353201e-05,
                5.338671579365798e-05
            ]
        },
        "d": {
            "times": [
                0.111,
                0.812,
                1.16
            ],
            "variances": [
                2.1428571428571465e-06,
                1.3285714285713966e-05,
                2.857142857142862e-05
            ],
            "var-time": [
                1.9305019305019337e-05,
                1.636171710063296e-05,
                2.4630541871921228e-05
            ]
        }
    },
    "smokedduck": {
        "1": {
            "times": [
                0.0163,
                0.121,
                0.139
            ],
            "variances": [
                5.571428571428583e-08,
                1.3333333333333357e-06,
                2.380952380952385e-07
            ],
            "var-time": [
                3.4180543382997447e-06,
                1.1019283746556495e-05,
                1.712915381980133e-06
            ]
        },
        "2": {
            "times": [
                0.266175,
                2.277455,
                3.326404
            ],
            "variances": [
                2.9376713333333423e-05,
                3.448562247619019e-05,
                0.00023287963490476482
            ],
            "var-time": [
                0.0001103661626123168,
                1.5142175136804104e-05,
                7.000942606633614e-05
            ]
        }
    },
    "sqlprov": {
        "1": {
            "times": [],
            "variances": [],
            "logsize": [],
            "var-time": []
        },
        "2": {
            "times": [],
            "variances": [],
            "var-time": []
        }
    },
    "provsql": {
        "times": [
            20.290823,
            109.97909299999999,
            117.783096
        ],
        "variances": [
            0.0009665744920000158,
            0.009584014158334339,
            0.004934412549333157
        ],
        "var-time": [
            4.763604177119951e-05,
            8.714396433815234e-05,
            4.18940638929474e-05
        ]
    },
    "links": {
        "times": [],
        "variances": [],
        "var-time": []
    },
    "postgresql": {
        "times": [],
        "variances": [],
        "var-time": []
    },
    "duckdb": {
        "times": [],
        "variances": [],
        "var-time": []
    }
}