{
    "gprom": {
        "p": {
            "times": [
                0.11580700000000001,
                0.571457,
                0.726281
            ],
            "variances": [
                1.2959546666666622e-06,
                4.436853180952353e-05,
                3.877375733333371e-05
            ],
            "rescnt": []
        },
        "d": {
            "times": [
                0.111,
                0.812,
                1.16
            ],
            "variances": [
                2.1428571428571465e-06,
                1.3285714285713966e-05,
                2.857142857142862e-05
            ],
            "rescnt": []
        }
    },
    "smokedduck": {
        "1": {
            "times": [
                0.0163,
                0.121,
                0.139
            ],
            "variances": [
                5.571428571428583e-08,
                1.3333333333333357e-06,
                2.380952380952385e-07
            ]
        },
        "2": {
            "times": [
                0.266175,
                2.277455,
                3.326404
            ],
            "variances": [
                2.9376713333333423e-05,
                3.448562247619019e-05,
                0.00023287963490476482
            ]
        }
    },
    "sqlprov": {
        "1": {
            "times": [],
            "variances": [],
            "logsize": []
        },
        "2": {
            "times": [],
            "variances": []
        }
    },
    "provsql": {
        "times": [
            20.290823,
            109.97909299999999,
            117.783096
        ],
        "variances": [
            0.0009665744920000158,
            0.009584014158334339,
            0.004934412549333157
        ]
    },
    "links": {
        "times": [],
        "variances": []
    },
    "postgresql": {
        "times": [],
        "variances": []
    },
    "duckdb": {
        "times": [],
        "variances": []
    }
}