{
    "gprom": {
        "p": {
            "storage": []
        },
        "d": {
            "storage": []
        }
    },
    "smokedduck": {
        "storage": [
            4.75,
            41.5,
            51.75,
            7.25,
            31.5
        ]
    },
    "sqlprov": {
        "storage": []
    },
    "provsql": {
        "storage": [
            36.416666666666664,
            169.75,
            212.41666666666666,
            108.40625,
            617.7395833333334
        ]
    },
    "links": {
        "storage": []
    }
}