{
    "gprom": {
        "dt": {
            "p": {
                "times": [],
                "variances": [],
                "rescnt": [],
                "var-time": []
            },
            "d": {
                "times": [],
                "variances": [],
                "rescnt": [],
                "var-time": []
            }
        },
        "id": {
            "p": {
                "times": [],
                "variances": [],
                "rescnt": [],
                "var-time": []
            },
            "d": {
                "times": [],
                "variances": [],
                "rescnt": [],
                "var-time": []
            }
        }
    },
    "smokedduck": {
        "1": {
            "times": [
                0.943
            ],
            "variances": [
                0.00010466666666666608
            ],
            "var-time": [
                0.00011099328384588131
            ]
        },
        "2": {
            "times": [
                13.41
            ],
            "variances": [
                0.001780952380952382
            ],
            "var-time": [
                0.0001328077838144953
            ]
        },
        "3": {
            "times": [
                17.16
            ],
            "variances": [
                0.005147619047619134
            ],
            "var-time": [
                0.000299977799977805
            ]
        },
        "4": {
            "times": [
                2.927
            ],
            "variances": [
                0.0008418095238095242
            ],
            "var-time": [
                0.0002876014772154165
            ]
        },
        "5": {
            "times": [
                0.0
            ],
            "variances": [
                0.0
            ],
            "var-time": []
        },
        "6": {
            "times": [
                0.534
            ],
            "variances": [
                3.328571428571435e-05
            ],
            "var-time": [
                6.233279828785457e-05
            ]
        }
    },
    "sqlprov": {
        "1": {
            "times": [
                408.113027
            ],
            "variances": [
                0.8695910042838076
            ],
            "logsize": [],
            "var-time": [
                0.0021307602226669615
            ]
        },
        "2": {
            "times": [
                200.302532
            ],
            "variances": [
                0.02417305835666466
            ],
            "var-time": [
                0.0001206827398300919
            ]
        },
        "3": {
            "times": [],
            "variances": [],
            "var-time": []
        },
        "4": {
            "times": [
                13.148214999999999
            ],
            "variances": [
                0.018359373804285685
            ],
            "var-time": [
                0.0013963396403455287
            ]
        },
        "5": {
            "times": [],
            "variances": [],
            "var-time": []
        },
        "6": {
            "times": [
                3.1529070000000003
            ],
            "variances": [
                0.00046420050290475615
            ],
            "var-time": [
                0.00014722936734409107
            ]
        }
    },
    "provsql": {
        "1": {
            "times": [
                1385.521898
            ],
            "variances": [
                120.24310209732411
            ],
            "var-time": [
                0.08678542163129645
            ]
        },
        "2": {
            "times": [
                2291.105153
            ],
            "variances": [
                13.09550247756159
            ],
            "var-time": [
                0.005715801590518089
            ]
        },
        "3": {
            "times": [],
            "variances": [],
            "var-time": []
        },
        "4": {
            "times": [
                8.006555
            ],
            "variances": [
                0.00028156904399999013
            ],
            "var-time": [
                3.516731528104036e-05
            ]
        },
        "5": {
            "times": [],
            "variances": [],
            "var-time": []
        },
        "6": {
            "times": [
                5.437168
            ],
            "variances": [
                1.9352946333334083e-05
            ],
            "var-time": [
                3.559379870795621e-06
            ]
        }
    }
}