{
    "gpromp": {
        "1": {
            "times": [
                0.0055675,
                0.240842,
                2.4204565000000002,
                13.4854615
            ],
            "variances": [
                1.929436555555556e-07,
                2.152969288888882e-06,
                0.0005933913931222167,
                0.00016595297888888713
            ],
            "logsize": []
        },
        "2": {
            "times": [],
            "variances": []
        },
        "3": {
            "times": [
                0.004331,
                0.315164,
                5.992859999999999,
                30.574738500000002
            ],
            "variances": [
                1.8489000000000113e-09,
                3.164263248888869e-05,
                0.014443811306100025,
                1.482143787226044
            ]
        },
        "4": {
            "times": [],
            "variances": []
        },
        "5": {
            "times": [
                0.002277,
                0.1230835,
                1.1258005,
                5.5373079999999995
            ],
            "variances": [
                1.164766666666666e-09,
                0.0002454318896555557,
                0.026007380247333345,
                0.581320484805611
            ]
        },
        "6": {
            "times": [],
            "variances": []
        }
    },
    "gpromd": {
        "1": {
            "times": [
                0.0091,
                0.03445,
                0.4715,
                3.54
            ],
            "variances": [
                3.166666666666663e-08,
                7.426666666666663e-07,
                3.3444444444444504e-06,
                0.0002100000000000007
            ],
            "logsize": []
        },
        "2": {
            "times": [],
            "variances": []
        },
        "3": {
            "times": [
                0.0007999999999999999,
                0.039400000000000004,
                0.8265,
                4.71
            ],
            "variances": [
                1.0000000000000009e-09,
                2.0666666666666524e-07,
                2.3555555555555597e-05,
                0.00035999999999999807
            ]
        },
        "4": {
            "times": [],
            "variances": []
        },
        "5": {
            "times": [
                0.0081,
                0.0138,
                0.1175,
                0.6845000000000001
            ],
            "variances": [
                5.3777777777777646e-08,
                2.9333333333333318e-08,
                2.7777777777777056e-07,
                6.177777777777685e-06
            ]
        },
        "6": {
            "times": [],
            "variances": []
        }
    }
}