{
    "gprom": {
        "p": {
            "storage": []
        },
        "d": {
            "storage": []
        }
    },
    "smokedduck": {
        "p0": [
            0.0,
            3.75,
            43.0,
            611.75
        ],
        "p3": [
            0.0,
            1.2,
            5.5,
            431.7
        ],
        "p5": [
            0.0,
            0.0,
            11.0,
            41.0
        ]
    },
    "sqlprov": {
        "p0": [
            0.7578125,
            65.171875,
            1302.1484375,
            6510.484375
        ],
        "p3": [
            0.5,
            35.0,
            691.5,
            3457.0
        ],
        "p5": [
            0.625,
            7.5,
            131.0,
            652.0
        ]
    },
    "provsql": {
        "p0": [
            0.28125,
            89.61067708333333,
            1790.9661458333333,
            9897.716145833334
        ],
        "p3": [
            1.0,
            5.5,
            100.0,
            498.0
        ],
        "p5": [
            1.125,
            9.515625,
            162.5,
            806.5
        ]
    },
    "links": {
        "storage": []
    }
}