{
    "gprom": {
        "dt": {
            "p": {
                "times": [],
                "variances": [],
                "rescnt": [],
                "var-time": []
            },
            "d": {
                "times": [],
                "variances": [],
                "rescnt": [],
                "var-time": []
            }
        },
        "id": {
            "p": {
                "times": [],
                "variances": [],
                "rescnt": [],
                "var-time": []
            },
            "d": {
                "times": [],
                "variances": [],
                "rescnt": [],
                "var-time": []
            }
        }
    },
    "smokedduck": {
        "1": {
            "times": [
                0.008,
                0.0161,
                0.155
            ],
            "variances": [
                3.57142857142856e-08,
                2.0333333333333285e-07,
                1.1428571428571449e-06
            ],
            "var-time": [
                4.4642857142857e-06,
                1.2629399585921296e-05,
                7.373271889400935e-06
            ]
        },
        "2": {
            "times": [
                0.0012,
                0.0252,
                0.542
            ],
            "variances": [
                0.0,
                1.0285714285714265e-07,
                4.14285714285715e-06
            ],
            "var-time": [
                0.0,
                4.0816326530612165e-06,
                7.643647865050093e-06
            ]
        },
        "3": {
            "times": [
                0.0014,
                0.0342,
                0.632
            ],
            "variances": [
                2.380952380952383e-09,
                4.0476190476190545e-07,
                9.161904761904778e-05
            ],
            "var-time": [
                1.700680272108845e-06,
                1.1835143414090802e-05,
                0.00014496684749849332
            ]
        },
        "4": {
            "times": [
                0.0017,
                0.0124,
                0.2251
            ],
            "variances": [
                0.0,
                2.2380952380952557e-08,
                1.0659523809523824e-05
            ],
            "var-time": [
                0.0,
                1.8049155145929483e-06,
                4.735461488015915e-05
            ]
        },
        "5": {
            "times": [
                0.0,
                0.0,
                0.0
            ],
            "variances": [
                0.0,
                0.0,
                0.0
            ],
            "var-time": []
        },
        "6": {
            "times": [
                0.0079,
                0.011,
                0.0377
            ],
            "variances": [
                6.6666666666667015e-09,
                2.6190476190476145e-08,
                4.904761904761905e-08
            ],
            "var-time": [
                8.438818565400888e-07,
                2.380952380952377e-06,
                1.300997852721991e-06
            ]
        }
    },
    "sqlprov": {
        "1": {
            "times": [
                0.066322,
                5.090007,
                111.02185899999999
            ],
            "variances": [
                1.2103947619047493e-07,
                0.00048069618480953076,
                0.0323408909321425
            ],
            "logsize": [],
            "var-time": [
                1.825027535214181e-06,
                9.443919916210935e-05,
                0.0002913020122653729
            ]
        },
        "2": {
            "times": [
                0.012693,
                1.2983520000000002,
                29.5675
            ],
            "variances": [
                4.72952380952389e-10,
                2.8007669047621125e-06,
                0.002113485365571507
            ],
            "var-time": [
                3.726088245114544e-08,
                2.1571707093008e-06,
                7.148001574605588e-05
            ]
        },
        "3": {
            "times": [],
            "variances": [],
            "var-time": []
        },
        "4": {
            "times": [
                0.007755,
                0.165072,
                3.506976
            ],
            "variances": [
                3.596666666666667e-10,
                4.351514285714206e-08,
                0.001711296947142868
            ],
            "var-time": [
                4.637868042123362e-08,
                2.636131073540156e-07,
                0.00048796939218941564
            ]
        },
        "5": {
            "times": [],
            "variances": [],
            "var-time": []
        },
        "6": {
            "times": [
                0.00219,
                0.106287,
                0.812194
            ],
            "variances": [
                3.9809523809523284e-11,
                1.8986044761904755e-06,
                2.0762051428571973e-06
            ],
            "var-time": [
                1.8177864753206977e-08,
                1.7862998073051976e-05,
                2.5562921455430567e-06
            ]
        }
    },
    "provsql": {
        "1": {
            "times": [
                0.325375,
                29.639105999999998,
                273.498615
            ],
            "variances": [
                1.7307663333333542e-06,
                0.00024621822033334416,
                20.3445007571771
            ],
            "var-time": [
                5.319297221155141e-06,
                8.307208062663705e-06,
                0.07438611986088889
            ]
        },
        "2": {
            "times": [
                2.7475590000000003,
                38.536293,
                426.520945
            ],
            "variances": [
                1.471718933333083e-05,
                0.0111748503463331,
                33.08610345529603
            ],
            "var-time": [
                5.356459800619688e-06,
                0.00028998249381000655,
                0.07757204855507398
            ]
        },
        "3": {
            "times": [],
            "variances": [],
            "var-time": []
        },
        "4": {
            "times": [
                0.007652,
                0.052488,
                1.3259940000000001
            ],
            "variances": [
                2.4433333333335684e-10,
                3.532433333333299e-08,
                2.3694336333332828e-05
            ],
            "var-time": [
                3.1930649939016835e-08,
                6.72998272621037e-07,
                1.786911278130431e-05
            ]
        },
        "5": {
            "times": [],
            "variances": [],
            "var-time": []
        },
        "6": {
            "times": [
                0.002326,
                0.119894,
                1.144106
            ],
            "variances": [
                8.3333333333341e-12,
                8.642999999998983e-09,
                2.2522943333335185e-06
            ],
            "var-time": [
                3.5826884494127684e-09,
                7.208867833251857e-08,
                1.968606347081056e-06
            ]
        }
    }
}