{
    "gprom": {
        "p": {
            "times": [
                1.554526,
                1.805596
            ],
            "variances": [
                1.015696528571442e-05,
                9.31018480952403e-06
            ],
            "var-time": [
                6.533802127281512e-06,
                5.15629454735391e-06
            ]
        },
        "d": {
            "times": [
                0.537,
                1.06
            ],
            "variances": [
                2.2857142857142898e-06,
                0.0001285714285714288
            ],
            "var-time": [
                4.256451183825493e-06,
                0.00012129380053908376
            ]
        }
    },
    "smokedduck": {
        "1": {
            "times": [
                0.324,
                0.757
            ],
            "variances": [
                1.9523809523809557e-06,
                7.328571428571441e-05
            ],
            "var-time": [
                6.025867136978258e-06,
                9.681071900358574e-05
            ]
        },
        "2": {
            "times": [
                0.7384970000000001,
                0.73464
            ],
            "variances": [
                4.666087666666592e-06,
                2.8092655714285602e-06
            ],
            "var-time": [
                6.318356969177385e-06,
                3.824003010220734e-06
            ]
        }
    },
    "sqlprov": {
        "1": {
            "times": [
                2.438624,
                2.6103009999999998
            ],
            "variances": [
                4.0377890285715514e-05,
                0.00011411960033333514
            ],
            "logsize": [],
            "var-time": [
                1.6557653121479782e-05,
                4.371894288564236e-05
            ]
        },
        "2": {
            "times": [
                10.259044,
                10.24211
            ],
            "variances": [
                0.00649618610523811,
                0.002790469399238102
            ],
            "var-time": [
                0.0006332155418417262,
                0.00027245063753836876
            ]
        }
    },
    "provsql": {
        "times": [
            300.84374099999997,
            592.941057
        ],
        "variances": [
            9.191170911549829,
            41.8840321382441
        ],
        "var-time": [
            0.03055131172414795,
            0.07063776684677125
        ]
    },
    "links": {
        "times": [],
        "variances": [],
        "var-time": []
    },
    "postgresql": {
        "times": [
            0.490562,
            0.552283
        ],
        "variances": [
            1.2848854761905257e-06,
            2.5924295238093353e-07
        ],
        "var-time": [
            2.6192111826650364e-06,
            4.694023759212823e-07
        ]
    },
    "duckdb": {
        "times": [
            0.321,
            0.758
        ],
        "variances": [
            2.238095238095242e-06,
            8.895238095238112e-05
        ],
        "var-time": [
            6.972259308707919e-06,
            0.00011735142605855028
        ]
    }
}