{
    "gprom": {
        "p": {
            "times": [
                0.06662399999999999,
                0.5392530000000001
            ],
            "variances": [
                1.0593939047619136e-06,
                1.5778362571428437e-05
            ],
            "var-time": [
                1.5901085265998945e-05,
                2.9259665818138117e-05
            ]
        },
        "d": {
            "times": [
                0.0088,
                0.0989
            ],
            "variances": [
                2.8571428571429217e-09,
                9.71428571428576e-07
            ],
            "var-time": [
                3.24675324675332e-07,
                9.82233135923737e-06
            ]
        }
    },
    "smokedduck": {
        "1": {
            "times": [
                0.0009,
                0.0109
            ],
            "variances": [
                1.4285714285714298e-09,
                3.333333333333322e-08
            ],
            "var-time": [
                1.5873015873015888e-06,
                3.058103975535158e-06
            ]
        },
        "2": {
            "times": [
                0.033553,
                0.382555
            ],
            "variances": [
                1.2226319523809565e-06,
                1.81640271428572e-05
            ],
            "var-time": [
                3.643882670345294e-05,
                4.748082535284391e-05
            ]
        }
    },
    "sqlprov": {
        "1": {
            "times": [
                0.026496,
                0.249962
            ],
            "variances": [
                4.804571428571436e-09,
                2.1696580952380587e-07
            ],
            "logsize": [],
            "var-time": [
                1.8133195307108379e-07,
                8.679951733615745e-07
            ]
        },
        "2": {
            "times": [
                0.047528,
                0.696379
            ],
            "variances": [
                4.452476190476214e-09,
                1.1257066142857024e-05
            ],
            "var-time": [
                9.368111829818663e-08,
                1.6165143036847786e-05
            ]
        }
    },
    "provsql": {
        "times": [],
        "variances": [],
        "var-time": []
    },
    "links": {
        "times": [],
        "variances": [],
        "var-time": []
    },
    "postgresql": {
        "times": [
            0.011904999999999999,
            0.033802
        ],
        "variances": [
            6.796609999999994e-07,
            6.883476190476028e-09
        ],
        "var-time": [
            5.709038219235611e-05,
            2.036410919613049e-07
        ]
    },
    "duckdb": {
        "times": [
            0.0009,
            0.0104
        ],
        "variances": [
            0.0,
            2.6190476190476145e-08
        ],
        "var-time": [
            0.0,
            2.518315018315014e-06
        ]
    }
}