{
    "gprom": {
        "p": {
            "storage": []
        },
        "d": {
            "storage": []
        }
    },
    "smokedduck": {
        "storage": [
            26.5,
            63.5,
            94.5
        ]
    },
    "sqlprov": {
        "storage": [
            328.7890625,
            657.5703125,
            986.3515625
        ]
    },
    "provsql": {
        "storage": [
            617.7395833333334,
            1236.40625,
            2473.7395833333335
        ]
    },
    "links": {
        "storage": []
    }
}