{
    "gprom": {
        "p": {
            "times": [
                0.381515,
                0.789575,
                1.2239369999999998
            ],
            "variances": [
                1.6461103904761992e-05,
                2.36963234761901e-05,
                4.264768747619068e-05
            ],
            "var-time": [
                4.314667550361583e-05,
                3.0011491595086088e-05,
                3.484467540093214e-05
            ]
        },
        "d": {
            "times": [
                0.314,
                0.509,
                0.698
            ],
            "variances": [
                5.80952380952382e-06,
                4.5714285714285796e-06,
                1.4476190476190501e-05
            ],
            "var-time": [
                1.8501668183196877e-05,
                8.981195621667151e-06,
                2.073952790285172e-05
            ]
        }
    },
    "smokedduck": {
        "1": {
            "times": [
                0.159,
                0.285,
                0.409
            ],
            "variances": [
                1.5714285714285742e-06,
                2.90476190476191e-06,
                7.999999999999884e-06
            ],
            "var-time": [
                9.883198562443863e-06,
                1.0192147034252317e-05,
                1.9559902200488715e-05
            ]
        },
        "2": {
            "times": [
                0.41961099999999996,
                0.859578,
                1.440641
            ],
            "variances": [
                2.015830980952377e-05,
                1.0921058809524017e-05,
                5.764162580952385e-05
            ],
            "var-time": [
                4.804047036308336e-05,
                1.2705139975108737e-05,
                4.001109631721147e-05
            ]
        }
    },
    "sqlprov": {
        "1": {
            "times": [
                21.066710999999998,
                42.357648,
                63.433698
            ],
            "variances": [
                0.006004419013904726,
                0.013033234227237862,
                0.015301822716285543
            ],
            "logsize": [],
            "var-time": [
                0.0002850192900972879,
                0.0003076949463114161,
                0.00024122545584975263
            ]
        },
        "2": {
            "times": [
                9.145819,
                18.390112000000002,
                28.040665
            ],
            "variances": [
                0.0011366053468095506,
                0.0038357535281429425,
                0.0066851614824760906
            ],
            "var-time": [
                0.00012427595022485691,
                0.00020857695310082624,
                0.00023840951997665142
            ]
        }
    },
    "provsql": {
        "times": [
            121.514994,
            249.462176,
            471.916497
        ],
        "variances": [
            0.2282875854973306,
            15.636914550327086,
            39.393153444908485
        ],
        "var-time": [
            0.00187867832588076,
            0.06268250682751636,
            0.08347483865330625
        ]
    },
    "links": {
        "times": [],
        "variances": [],
        "var-time": []
    },
    "postgresql": {
        "times": [
            0.149559,
            0.326382,
            0.5071410000000001
        ],
        "variances": [
            2.6405559047619086e-06,
            2.54725866666669e-06,
            4.314315809523878e-06
        ],
        "var-time": [
            1.7655613535540548e-05,
            7.804531704158592e-06,
            8.507132749124754e-06
        ]
    },
    "duckdb": {
        "times": [
            0.144,
            0.26,
            0.373
        ],
        "variances": [
            6.190476190476202e-07,
            1.4761904761904788e-06,
            5.571428571428581e-06
        ],
        "var-time": [
            4.298941798941807e-06,
            5.677655677655687e-06,
            1.4936805821524346e-05
        ]
    }
}