{
    "gprom": {
        "p": {
            "times": [
                9.811829,
                9.752933,
                9.890481
            ],
            "variances": [
                0.0023301339685713944,
                0.0015928052952380958,
                0.0056792045382381235
            ],
            "var-time": [
                0.00023748212168917687,
                0.00016331551700786786,
                0.0005742091348477515
            ]
        },
        "d": {
            "times": [
                5.17,
                5.16,
                5.16
            ],
            "variances": [
                0.0005619047619047561,
                0.00029047619047619164,
                0.0011619047619047572
            ],
            "var-time": [
                0.00010868564060053309,
                5.629383536360303e-05,
                0.0002251753414544103
            ]
        }
    },
    "smokedduck": {
        "1": {
            "times": [
                0.266,
                0.266,
                0.267
            ],
            "variances": [
                9.238095238095254e-06,
                9.809523809523827e-06,
                6.476190476190488e-06
            ],
            "var-time": [
                3.472968134622276e-05,
                3.687790905836025e-05,
                2.425539504191194e-05
            ]
        },
        "2": {
            "times": [
                0.073194,
                0.090879,
                0.221529
            ],
            "variances": [
                5.815121428571432e-07,
                7.873099047619044e-07,
                5.228850980952388e-05
            ],
            "var-time": [
                7.944806170685347e-06,
                8.663276496901423e-06,
                0.0002360346040903172
            ]
        }
    },
    "sqlprov": {
        "1": {
            "times": [
                0.030465,
                0.296696,
                2.875823
            ],
            "variances": [
                2.445258095238102e-07,
                4.63509361904759e-06,
                0.00010474213347618809
            ],
            "logsize": [],
            "var-time": [
                8.026450337233224e-06,
                1.5622366392022777e-05,
                3.642162034179019e-05
            ]
        },
        "2": {
            "times": [
                0.014617000000000002,
                0.160472,
                1.368941
            ],
            "variances": [
                1.2622857142857087e-09,
                1.0756839047618951e-06,
                1.667074180952399e-05
            ],
            "var-time": [
                8.635737253100557e-08,
                6.703249817799336e-06,
                1.217783805841449e-05
            ]
        }
    },
    "provsql": {
        "times": [
            0.244834,
            2.448442,
            24.18253
        ],
        "variances": [
            9.120133333333834e-08,
            1.0619886333333106e-05,
            0.0004312293703332878
        ],
        "var-time": [
            3.725027297407155e-07,
            4.337405718956425e-06,
            1.783226859775581e-05
        ]
    },
    "links": {
        "times": [],
        "variances": [],
        "var-time": []
    },
    "postgresql": {
        "times": [
            0.011957,
            0.08375400000000001,
            0.453843
        ],
        "variances": [
            5.069960000000001e-07,
            1.505541476190483e-06,
            0.00016544117633333352
        ],
        "var-time": [
            4.240160575395166e-05,
            1.7975756097505586e-05,
            0.00036453393868217317
        ]
    },
    "duckdb": {
        "times": [
            0.258,
            0.256,
            0.257
        ],
        "variances": [
            7.142857142857155e-06,
            4.5714285714285796e-06,
            5.952380952380963e-06
        ],
        "var-time": [
            2.768549280177192e-05,
            1.785714285714289e-05,
            2.316101537891425e-05
        ]
    }
}