{
    "gprom": {
        "p": {
            "storage": []
        },
        "d": {
            "storage": []
        }
    },
    "smokedduck": {
        "storage": [
            1.0,
            1.25,
            4.0
        ]
    },
    "sqlprov": {
        "storage": [
            0.140625,
            1.3203125,
            13.109375
        ]
    },
    "provsql": {
        "storage": [
            0.07291666666666667,
            5.072916666666667,
            84.40625
        ]
    },
    "links": {
        "storage": []
    }
}