{
    "gprom": {
        "p": {
            "times": [
                1.5633540000000001,
                7.020194
            ],
            "variances": [
                0.00010115855047619041,
                0.001350843861238111
            ],
            "var-time": [
                6.4706106535174e-05,
                0.00019242258280014927
            ]
        },
        "d": {
            "times": [
                0.377,
                0.675
            ],
            "variances": [
                2.2857142857142898e-06,
                1.2904761904761928e-05
            ],
            "var-time": [
                6.062902614626763e-06,
                1.9118165784832486e-05
            ]
        }
    },
    "smokedduck": {
        "1": {
            "times": [
                0.175,
                0.29
            ],
            "variances": [
                5.619047619047596e-06,
                6.0238095238095345e-05
            ],
            "var-time": [
                3.210884353741484e-05,
                0.0002077175697865357
            ]
        },
        "2": {
            "times": [
                0.671559,
                0.751582
            ],
            "variances": [
                1.371644566666658e-05,
                3.1452366952381e-05
            ],
            "var-time": [
                2.042478124284922e-05,
                4.184821742987592e-05
            ]
        }
    },
    "sqlprov": {
        "1": {
            "times": [
                2.231611,
                24.260222000000002
            ],
            "variances": [
                3.3965518142857935e-05,
                0.002198024855142906
            ],
            "logsize": [],
            "var-time": [
                1.5220178670412512e-05,
                9.060200913012691e-05
            ]
        },
        "2": {
            "times": [
                10.276557,
                1636.446857
            ],
            "variances": [
                0.0062122128029047955,
                38.82490852138771
            ],
            "var-time": [
                0.0006045033178821268,
                0.023725126395221348
            ]
        }
    },
    "provsql": {
        "times": [],
        "variances": [],
        "var-time": []
    },
    "links": {
        "times": [],
        "variances": [],
        "var-time": []
    },
    "postgresql": {
        "times": [
            0.405313,
            3.318159
        ],
        "variances": [
            7.132747476190507e-06,
            0.000248890328238096
        ],
        "var-time": [
            1.7598121639795682e-05,
            7.500855993883836e-05
        ]
    },
    "duckdb": {
        "times": [
            0.167,
            0.271
        ],
        "variances": [
            1.285714285714288e-06,
            8.90476190476192e-06
        ],
        "var-time": [
            7.69888793840891e-06,
            3.2858900017571656e-05
        ]
    }
}