{
    "gprom": {
        "p": {
            "times": [],
            "variances": [],
            "var-time": []
        },
        "d": {
            "times": [],
            "variances": [],
            "var-time": []
        }
    },
    "smokedduck": {
        "1": {
            "times": [],
            "variances": [],
            "var-time": []
        },
        "2": {
            "times": [],
            "variances": [],
            "var-time": []
        }
    },
    "sqlprov": {
        "1": {
            "times": [
                0.819184,
                69.70216400000001
            ],
            "variances": [
                0.00021369631099999955,
                0.044747076497571044
            ],
            "logsize": [],
            "var-time": [
                0.00026086484965526615,
                0.0006419754270121518
            ]
        },
        "2": {
            "times": [
                0.212528,
                23.451464
            ],
            "variances": [
                8.4345314285715e-07,
                0.0008278206252380807
            ],
            "var-time": [
                3.9686683300889765e-06,
                3.529931543881783e-05
            ]
        }
    },
    "provsql": {
        "times": [],
        "variances": [],
        "var-time": []
    },
    "links": {
        "times": [],
        "variances": [],
        "var-time": []
    },
    "postgresql": {
        "times": [
            0.038577,
            1.9842529999999998
        ],
        "variances": [
            8.38904761904774e-08,
            0.00010390773928571485
        ],
        "var-time": [
            2.174624159226415e-06,
            5.23661747195115e-05
        ]
    },
    "duckdb": {
        "times": [],
        "variances": [],
        "var-time": []
    }
}