{
    "gprom": {
        "p": {
            "times": [
                1.447796,
                1.208858,
                0.265856
            ],
            "variances": [
                3.7359155238095544e-05,
                0.00022488475100000032,
                3.7263863142857236e-05
            ],
            "var-time": [
                2.5804156965550077e-05,
                0.00018603074223771552,
                0.00014016559017986143
            ]
        },
        "d": {
            "times": [
                0.24,
                0.236,
                0.127
            ],
            "variances": [
                9.52380952380954e-07,
                2.380952380952385e-07,
                2.380952380952385e-07
            ],
            "var-time": [
                3.968253968253976e-06,
                1.008878127522197e-06,
                1.8747656542932165e-06
            ]
        }
    },
    "smokedduck": {
        "1": {
            "times": [
                0.158,
                0.205,
                0.18
            ],
            "variances": [
                6.190476190476202e-07,
                1.6190476190475994e-06,
                1.6666666666666696e-06
            ],
            "var-time": [
                3.918022905364684e-06,
                7.897793263646826e-06,
                9.259259259259276e-06
            ]
        },
        "2": {
            "times": [
                0.732588,
                0.431594,
                0.000613
            ],
            "variances": [
                9.020327690476194e-05,
                9.81712499999998e-06,
                2.1938095238095243e-09
            ],
            "var-time": [
                0.00012312961296767342,
                2.2746203608020454e-05,
                3.578808358579974e-06
            ]
        }
    },
    "sqlprov": {
        "1": {
            "times": [],
            "variances": [],
            "logsize": [],
            "var-time": []
        },
        "2": {
            "times": [],
            "variances": [],
            "var-time": []
        }
    },
    "provsql": {
        "times": [
            357.35075300000005,
            392.761449,
            392.607166
        ],
        "variances": [
            6.478070031552009,
            1.2454825559679905,
            11.857598838245144
        ],
        "var-time": [
            0.018128043601889396,
            0.0031710916617175185,
            0.03020219666149737
        ]
    },
    "links": {
        "times": [],
        "variances": [],
        "var-time": []
    },
    "postgresql": {
        "times": [
            0.650892,
            0.7083200000000001,
            0.728793
        ],
        "variances": [
            3.1785078809523646e-05,
            5.618676295238102e-05,
            2.6115667952380892e-05
        ],
        "var-time": [
            4.883310719677557e-05,
            7.932398203125849e-05,
            3.5834136651121635e-05
        ]
    },
    "duckdb": {
        "times": [
            0.147,
            0.191,
            0.165
        ],
        "variances": [
            2.8095238095238143e-06,
            3.5714285714285777e-06,
            3.3333333333333394e-07
        ],
        "var-time": [
            1.9112406867508942e-05,
            1.8698578908003023e-05,
            2.0202020202020236e-06
        ]
    }
}