{
    "gprom": {
        "p": {
            "times": [
                7.810444,
                7.83143,
                8.055121,
                9.047811
            ],
            "variances": [
                0.003154219888619044,
                0.0020663489816190638,
                0.0025015560086190307,
                0.0006250353482857177
            ],
            "var-time": [
                0.00040384642519926444,
                0.00026385334244436376,
                0.0003105547400987559,
                6.908138866801238e-05
            ]
        },
        "d": {
            "times": [
                5.57,
                5.53,
                5.53,
                5.57
            ],
            "variances": [
                0.0009809523809523788,
                0.00019047619047618997,
                0.00011428571428571618,
                0.0006285714285714255
            ],
            "var-time": [
                0.00017611353338462814,
                3.444415740979927e-05,
                2.066649444587996e-05,
                0.00011284944857655753
            ]
        }
    },
    "smokedduck": {
        "1": {
            "times": [
                0.297,
                0.3,
                0.301,
                0.312
            ],
            "variances": [
                9.619047619047637e-06,
                4.14285714285715e-06,
                3.1428571428571484e-06,
                4.280952380952388e-05
            ],
            "var-time": [
                3.238736572069911e-05,
                1.3809523809523835e-05,
                1.0441385856668268e-05,
                0.00013721001221001246
            ]
        },
        "2": {
            "times": [
                0.101558,
                0.120641,
                0.24956699999999998,
                0.570584
            ],
            "variances": [
                5.663788095238e-07,
                5.78252476190478e-07,
                5.465783809523856e-06,
                6.60804166666674e-06
            ],
            "var-time": [
                5.576899993341736e-06,
                4.793167133814193e-06,
                2.1901067887676884e-05,
                1.15811899153617e-05
            ]
        }
    },
    "sqlprov": {
        "1": {
            "times": [
                24.16784,
                24.188961,
                24.580698,
                26.066126
            ],
            "variances": [
                0.00367935499795242,
                0.004965076331809465,
                0.002695907856238093,
                0.004732320556476102
            ],
            "logsize": [],
            "var-time": [
                0.00015224178072812547,
                0.0002052620752007275,
                0.0001096758056357103,
                0.00018155059008293376
            ]
        },
        "2": {
            "times": [
                12.967623,
                12.942868,
                12.966831,
                13.024179
            ],
            "variances": [
                0.013432602880238145,
                0.005216122208952332,
                0.005733954789142865,
                0.0037185824888095217
            ],
            "var-time": [
                0.0010358569862987338,
                0.00040301131163141983,
                0.0004422017059636903,
                0.00028551377317599224
            ]
        }
    },
    "provsql": {
        "times": [],
        "variances": [],
        "var-time": []
    },
    "links": {
        "times": [],
        "variances": [],
        "var-time": []
    },
    "postgresql": {
        "times": [
            2.705867,
            2.6994670000000003,
            2.7579569999999998,
            2.753227
        ],
        "variances": [
            0.002144449258904759,
            3.007578461904758e-05,
            4.787380047619052e-05,
            2.0896751571428744e-05
        ],
        "var-time": [
            0.0007925183532319803,
            1.1141378879255637e-05,
            1.7358428893630513e-05,
            7.589912336116399e-06
        ]
    },
    "duckdb": {
        "times": [
            0.284,
            0.286,
            0.284,
            0.286
        ],
        "variances": [
            7.619047619047632e-06,
            5.619047619047629e-06,
            1.3333333333333357e-06,
            5.80952380952382e-06
        ],
        "var-time": [
            2.6827632461435328e-05,
            1.964701964701968e-05,
            4.694835680751183e-06,
            2.031302031302035e-05
        ]
    }
}