{
    "gprom": {
        "p": {
            "times": [
                0.07159099999999999,
                0.504749,
                4.798354000000001,
                0.031427,
                0.034877000000000005,
                0.038164000000000003
            ],
            "variances": [
                8.100251428571453e-07,
                1.3207089523809442e-06,
                0.00017762108095237928,
                1.0448938095238124e-06,
                2.4928571428572883e-10,
                2.2514761904763005e-09
            ],
            "rescnt": []
        },
        "d": {
            "times": [
                0.0288,
                0.232,
                2.51,
                0.0263,
                0.0317,
                0.037
            ],
            "variances": [
                1.7933333333333366e-06,
                3.142857142857119e-06,
                0.0002571428571428559,
                5.6190476190476185e-08,
                9.047619047618872e-09,
                4.728571428571434e-07
            ],
            "rescnt": []
        }
    },
    "smokedduck": {
        "1": {
            "times": [],
            "variances": []
        },
        "2": {
            "times": [],
            "variances": []
        }
    },
    "sqlprov": {
        "1": {
            "times": [],
            "variances": [],
            "logsize": []
        },
        "2": {
            "times": [],
            "variances": []
        }
    },
    "provsql": {
        "times": [],
        "variances": []
    },
    "links": {
        "times": [],
        "variances": []
    },
    "postgresql": {
        "times": [],
        "variances": []
    },
    "duckdb": {
        "times": [],
        "variances": []
    }
}