{
    "gprom": {
        "p": {
            "times": [
                0.07159099999999999,
                0.504749,
                4.798354000000001
            ],
            "variances": [
                8.100251428571453e-07,
                1.3207089523809442e-06,
                0.00017762108095237928
            ],
            "var-time": [
                1.1314622548325144e-05,
                2.616565763143551e-06,
                3.701708564069664e-05
            ]
        },
        "d": {
            "times": [
                0.0288,
                0.232,
                2.51
            ],
            "variances": [
                1.7933333333333366e-06,
                3.142857142857119e-06,
                0.0002571428571428559
            ],
            "var-time": [
                6.226851851851863e-05,
                1.3546798029556547e-05,
                0.0001024473534433689
            ]
        }
    },
    "smokedduck": {
        "1": {
            "times": [
                0.003,
                0.0086,
                0.0141
            ],
            "variances": [
                2.3809523809523727e-09,
                5.8095238095237984e-08,
                2.795238095238098e-07
            ],
            "var-time": [
                7.936507936507909e-07,
                6.755260243632324e-06,
                1.9824383654170907e-05
            ]
        },
        "2": {
            "times": [
                0.01064,
                0.017034000000000004,
                0.023505
            ],
            "variances": [
                8.456619047619109e-09,
                3.787334761904761e-07,
                1.0551142857142865e-06
            ],
            "var-time": [
                7.947950232724727e-07,
                2.2233971832245864e-05,
                4.488892940711706e-05
            ]
        }
    },
    "sqlprov": {
        "1": {
            "times": [
                0.467412,
                0.469479,
                0.491031
            ],
            "variances": [
                0.00022588430590476203,
                5.735244333333283e-06,
                3.3696256190475793e-06
            ],
            "logsize": [],
            "var-time": [
                0.00048326595360145233,
                1.221618929352172e-05,
                6.862348037186205e-06
            ]
        },
        "2": {
            "times": [
                0.118978,
                0.119968,
                0.118711
            ],
            "variances": [
                3.0341308095237977e-06,
                1.9031229999999977e-06,
                2.5693732857142935e-06
            ],
            "var-time": [
                2.5501612142781e-05,
                1.586358862363295e-05,
                2.1643935993415047e-05
            ]
        }
    },
    "provsql": {
        "times": [],
        "variances": [],
        "var-time": []
    },
    "links": {
        "times": [],
        "variances": [],
        "var-time": []
    },
    "postgresql": {
        "times": [
            0.02376,
            0.037747,
            0.052732999999999995
        ],
        "variances": [
            4.045476190476227e-09,
            2.472952380952462e-09,
            1.0724090476190411e-07
        ],
        "var-time": [
            1.702641494308176e-07,
            6.551387874407138e-08,
            2.0336583308725866e-06
        ]
    },
    "duckdb": {
        "times": [
            0.002,
            0.0074,
            0.0128
        ],
        "variances": [
            2.3809523809523727e-09,
            6.190476190476223e-09,
            3.1428571428571495e-08
        ],
        "var-time": [
            1.1904761904761864e-06,
            8.365508365508409e-07,
            2.4553571428571478e-06
        ]
    }
}