{
    "gprom": {
        "p": {
            "times": [],
            "variances": [],
            "var-time": []
        },
        "d": {
            "times": [],
            "variances": [],
            "var-time": []
        }
    },
    "smokedduck": {
        "1": {
            "times": [],
            "variances": [],
            "var-time": []
        },
        "2": {
            "times": [],
            "variances": [],
            "var-time": []
        }
    },
    "sqlprov": {
        "1": {
            "times": [
                30.326647,
                35.427982,
                43.014015
            ],
            "variances": [
                0.0012764616642857943,
                0.001068160383999979,
                0.004612303082238147
            ],
            "logsize": [],
            "var-time": [
                4.2090431701394296e-05,
                3.0150189869690545e-05,
                0.00010722791355882837
            ]
        },
        "2": {
            "times": [
                3.587785,
                3.6188730000000002,
                3.590634
            ],
            "variances": [
                0.004453237580904751,
                0.0019472774523333404,
                0.0027932748565714233
            ],
            "var-time": [
                0.0012412219742556343,
                0.0005380894693826891,
                0.0007779336063133762
            ]
        }
    },
    "provsql": {
        "times": [],
        "variances": [],
        "var-time": []
    },
    "links": {
        "times": [],
        "variances": [],
        "var-time": []
    },
    "postgresql": {
        "times": [
            3.86432,
            7.359359,
            6.591543
        ],
        "variances": [
            9.096781795237988e-05,
            0.0011138097682381095,
            0.0011953992028095304
        ],
        "var-time": [
            2.3540446431035702e-05,
            0.0001513460300330653,
            0.00018135347107794495
        ]
    },
    "duckdb": {
        "times": [],
        "variances": [],
        "var-time": []
    }
}