{
    "gprom": {
        "p": {
            "times": [
                0.018511,
                0.13034700000000002,
                1.369375
            ],
            "variances": [
                1.9466190476190935e-09,
                2.8616353333333134e-06,
                5.3773392238095406e-05
            ],
            "var-time": [
                1.0516012358160519e-07,
                2.195397925025749e-05,
                3.9268565760361774e-05
            ]
        },
        "d": {
            "times": [
                0.0021,
                0.0515,
                0.258
            ],
            "variances": [
                1.4285714285714236e-09,
                1.6238095238095332e-07,
                2.3333333333333374e-06
            ],
            "var-time": [
                6.802721088435351e-07,
                3.1530282015719093e-06,
                9.043927648578827e-06
            ]
        }
    },
    "smokedduck": {
        "1": {
            "times": [
                0.001,
                0.0334,
                0.105
            ],
            "variances": [
                0.0,
                5.59047619047617e-07,
                4.76190476190477e-07
            ],
            "var-time": [
                0.0,
                1.673795266609632e-05,
                4.535147392290258e-06
            ]
        },
        "2": {
            "times": [
                0.004254,
                0.038761000000000004,
                0.756484
            ],
            "variances": [
                1.069280952380958e-08,
                1.4500290476190652e-07,
                4.1979465904761994e-05
            ],
            "var-time": [
                2.513589450825007e-06,
                3.7409484987979283e-06,
                5.549286687459615e-05
            ]
        }
    },
    "sqlprov": {
        "1": {
            "times": [
                0.022419,
                0.212782,
                2.238675
            ],
            "variances": [
                5.93890476190481e-09,
                1.2181456190476018e-06,
                1.4090074809522962e-05
            ],
            "logsize": [],
            "var-time": [
                2.649049806817793e-07,
                5.724852755625955e-06,
                6.293934943447781e-06
            ]
        },
        "2": {
            "times": [
                0.048453,
                0.708924,
                11.17426
            ],
            "variances": [
                3.555476190476273e-09,
                7.720583238095119e-06,
                0.00562001893533335
            ],
            "var-time": [
                7.337989784897266e-08,
                1.0890565474007255e-05,
                0.0005029432763631193
            ]
        }
    },
    "provsql": {
        "times": [
            1.4519659999999999,
            17.605137,
            175.514657
        ],
        "variances": [
            2.114181333333279e-06,
            0.00037700363333331,
            3.0710461000623375
        ],
        "var-time": [
            1.4560818458099427e-06,
            2.14144106537376e-05,
            0.017497376871849154
        ]
    },
    "links": {
        "times": [],
        "variances": [],
        "var-time": []
    },
    "postgresql": {
        "times": [
            0.010072,
            0.037915,
            0.42989
        ],
        "variances": [
            2.2834761904762094e-09,
            6.794836190476231e-07,
            2.336156333333328e-06
        ],
        "var-time": [
            2.2671526911002876e-07,
            1.7921234842347967e-05,
            5.434311878232404e-06
        ]
    },
    "duckdb": {
        "times": [
            0.0009,
            0.0326,
            0.0959
        ],
        "variances": [
            2.8571428571428597e-09,
            1.3238095238095236e-07,
            3.3476190476190416e-07
        ],
        "var-time": [
            3.1746031746031776e-06,
            4.060765410458662e-06,
            3.4907393614379997e-06
        ]
    }
}