{
    "gprom": {
        "p": {
            "times": [
                0.019053999999999998,
                0.130131,
                1.280307
            ],
            "variances": [
                1.2333333333333138e-10,
                1.098709523809532e-07,
                3.02249366666663e-05
            ],
            "var-time": [
                6.4728316014134246e-09,
                8.44310367098948e-07,
                2.360756964280153e-05
            ]
        },
        "d": {
            "times": [
                0.0209,
                0.0513,
                0.362
            ],
            "variances": [
                6.157142857142856e-07,
                3.6142857142857276e-07,
                1.285714285714288e-06
            ],
            "var-time": [
                2.946001367053998e-05,
                7.045391255917598e-06,
                3.551696921862674e-06
            ]
        }
    },
    "smokedduck": {
        "1": {
            "times": [
                0.0188,
                0.0329,
                0.176
            ],
            "variances": [
                4.23809523809524e-08,
                1.590476190476194e-07,
                3.5714285714285777e-06
            ],
            "var-time": [
                2.254305977710234e-06,
                4.834274135186e-06,
                2.029220779220783e-05
            ]
        },
        "2": {
            "times": [
                0.004402,
                0.039511,
                0.735559
            ],
            "variances": [
                1.1114761904761903e-09,
                2.628413333333327e-07,
                3.3608934904761864e-05
            ],
            "var-time": [
                2.524934553557906e-07,
                6.652358414956157e-06,
                4.569169149553179e-05
            ]
        }
    },
    "sqlprov": {
        "1": {
            "times": [
                0.034295,
                0.2112,
                2.132648
            ],
            "variances": [
                2.970874761904786e-07,
                1.637621952380947e-06,
                3.2826196809524346e-05
            ],
            "logsize": [],
            "var-time": [
                8.662705239553248e-06,
                7.753891819985545e-06,
                1.539222450658728e-05
            ]
        },
        "2": {
            "times": [
                0.055109000000000005,
                0.714152,
                10.321369
            ],
            "variances": [
                7.927238095237726e-09,
                7.02619595238088e-06,
                0.005850309581238047
            ],
            "var-time": [
                1.4384652407479224e-07,
                9.838516103547816e-06,
                0.000566815272396331
            ]
        }
    },
    "provsql": {
        "times": [
            1.458892,
            17.594454000000002,
            175.039309
        ],
        "variances": [
            1.621542899999949e-05,
            0.010096622028999637,
            4.380545892069054
        ],
        "var-time": [
            1.1114893357424324e-05,
            0.0005738525349521864,
            0.02502606938461494
        ]
    },
    "links": {
        "times": [],
        "variances": [],
        "var-time": []
    },
    "postgresql": {
        "times": [
            0.009955,
            0.037722,
            0.391959
        ],
        "variances": [
            5.26952380952375e-10,
            5.2608095238094696e-09,
            8.635958571428638e-06
        ],
        "var-time": [
            5.2933438568797085e-08,
            1.3946263516805762e-07,
            2.2032811011939102e-05
        ]
    },
    "duckdb": {
        "times": [
            0.0192,
            0.0322,
            0.172
        ],
        "variances": [
            2.423809523809523e-07,
            2.247619047619063e-07,
            9.047619047618945e-07
        ],
        "var-time": [
            1.2624007936507935e-05,
            6.980183377698954e-06,
            5.2602436323365964e-06
        ]
    }
}