{
    "gprom": {
        "p": {
            "storage": []
        },
        "d": {
            "storage": []
        }
    },
    "smokedduck": {
        "storage": [
            0.0,
            3.25,
            21.25
        ]
    },
    "sqlprov": {
        "storage": [
            0.4609375,
            0.0625,
            0.0625
        ]
    },
    "provsql": {
        "storage": [
            9.072916666666666,
            84.40625,
            1279.0729166666667
        ]
    },
    "links": {
        "storage": []
    }
}