{
    "gprom": {
        "p": {
            "times": [
                0.17652400000000001,
                0.9050900000000001,
                2.8340430000000003
            ],
            "variances": [
                1.3932580952381426e-07,
                1.3121523809524466e-07,
                4.687420619047105e-06
            ],
            "var-time": [
                7.892740336940827e-07,
                1.449747959818854e-07,
                1.6539694771911028e-06
            ]
        },
        "d": {
            "times": [
                0.0615,
                0.421,
                1.88
            ],
            "variances": [
                1.474761904761904e-06,
                2.4761904761904806e-06,
                8.095238095237919e-05
            ],
            "var-time": [
                2.397986837011226e-05,
                5.88168759190138e-06,
                4.305977710232936e-05
            ]
        }
    },
    "smokedduck": {
        "1": {
            "times": [
                0.0403,
                0.22,
                0.969
            ],
            "variances": [
                3.1238095238095085e-07,
                3.238095238095244e-06,
                3.8666666666666735e-05
            ],
            "var-time": [
                7.751388396549649e-06,
                1.4718614718614746e-05,
                3.990368077055391e-05
            ]
        },
        "2": {
            "times": [
                0.068954,
                0.9515739999999999,
                5.870553
            ],
            "variances": [
                9.755659047619061e-07,
                5.87130331428572e-05,
                0.00829508826257149
            ],
            "var-time": [
                1.4148068346461499e-05,
                6.170096402681998e-05,
                0.001412999467438841
            ]
        }
    },
    "sqlprov": {
        "1": {
            "times": [
                4.299482,
                41.136545,
                207.899721
            ],
            "variances": [
                0.00010512414228571573,
                0.03865333862866765,
                0.32695750699591436
            ],
            "logsize": [],
            "var-time": [
                2.445042037289974e-05,
                0.0009396350283833426,
                0.0015726692918261028
            ]
        },
        "2": {
            "times": [
                2.239382,
                15.799082,
                77.117555
            ],
            "variances": [
                0.006713029062238094,
                0.0013377554615714572,
                0.0008028204832382535
            ],
            "var-time": [
                0.002997715022375858,
                8.467298679578074e-05,
                1.0410346687446893e-05
            ]
        }
    },
    "provsql": {
        "times": [
            23.88407,
            242.35267800000003,
            1736.132582
        ],
        "variances": [
            0.004446452133000128,
            0.554674675425348,
            724.0224297358417
        ],
        "var-time": [
            0.00018616810840866435,
            0.002288708670367356,
            0.4170317619992928
        ]
    },
    "links": {
        "times": [],
        "variances": [],
        "var-time": []
    },
    "postgresql": {
        "times": [
            0.069885,
            0.347216,
            1.488952
        ],
        "variances": [
            6.5454761904758834e-09,
            4.404298095238011e-07,
            6.342022857142032e-07
        ],
        "var-time": [
            9.366067382808733e-08,
            1.2684605822421809e-06,
            4.259387043465492e-07
        ]
    },
    "duckdb": {
        "times": [
            0.0399,
            0.2,
            0.882
        ],
        "variances": [
            7.195238095238064e-07,
            1.2380952380952403e-06,
            6.238095238095249e-06
        ],
        "var-time": [
            1.8033178183554044e-05,
            6.190476190476202e-06,
            7.072670337976473e-06
        ]
    }
}