{
    "gprom": {
        "p": {
            "storage": []
        },
        "d": {
            "storage": []
        }
    },
    "smokedduck": {
        "storage": [
            5.5,
            63.0,
            307.5
        ]
    },
    "sqlprov": {
        "storage": [
            65.171875,
            651.109375,
            3255.2734375
        ]
    },
    "provsql": {
        "storage": [
            116.40625,
            1279.0729166666667,
            3753.7395833333335
        ]
    },
    "links": {
        "storage": []
    }
}