{
    "gprom": {
        "p": {
            "times": [
                2.010737
            ],
            "variances": [
                1.5652093952381464e-05
            ],
            "var-time": [
                7.784257191458386e-06
            ]
        },
        "d": {
            "times": [
                1.08
            ],
            "variances": [
                9.047619047619064e-05
            ],
            "var-time": [
                8.377425044091726e-05
            ]
        }
    },
    "smokedduck": {
        "1": {
            "times": [
                0.603
            ],
            "variances": [
                2.6476190476190524e-05
            ],
            "var-time": [
                4.3907446892521596e-05
            ]
        },
        "2": {
            "times": [
                1.810576
            ],
            "variances": [
                1.426654357142895e-05
            ],
            "var-time": [
                7.879560742785142e-06
            ]
        }
    },
    "sqlprov": {
        "1": {
            "times": [
                44.861476
            ],
            "variances": [
                0.03798362370080923
            ],
            "logsize": [],
            "var-time": [
                0.0008466868923530119
            ]
        },
        "2": {
            "times": [
                27.842836
            ],
            "variances": [
                0.00318566325828576
            ],
            "var-time": [
                0.00011441590426656825
            ]
        }
    },
    "provsql": {
        "times": [
            271.352822
        ],
        "variances": [
            5.08030960062437
        ],
        "var-time": [
            0.01872215502746594
        ]
    },
    "links": {
        "times": [],
        "variances": [],
        "var-time": []
    },
    "postgresql": {
        "times": [
            0.335886
        ],
        "variances": [
            1.5853247619047917e-07
        ],
        "var-time": [
            4.719829828884775e-07
        ]
    },
    "duckdb": {
        "times": [
            0.541
        ],
        "variances": [
            2.7666666666666715e-05
        ],
        "var-time": [
            5.113986444855215e-05
        ]
    }
}