{
    "gprom": {
        "p": {
            "times": [
                0.99691
            ],
            "variances": [
                5.4557284952381135e-05
            ],
            "var-time": [
                5.472638949592354e-05
            ]
        },
        "d": {
            "times": [
                0.421
            ],
            "variances": [
                1.3952380952380977e-05
            ],
            "var-time": [
                3.3141047392828926e-05
            ]
        }
    },
    "smokedduck": {
        "1": {
            "times": [
                0.247
            ],
            "variances": [
                4.14285714285715e-06
            ],
            "var-time": [
                1.677270098322733e-05
            ]
        },
        "2": {
            "times": [
                0.7324999999999999
            ],
            "variances": [
                0.00010112842057142873
            ],
            "var-time": [
                0.00013805927723061943
            ]
        }
    },
    "sqlprov": {
        "1": {
            "times": [
                21.076867999999997
            ],
            "variances": [
                0.007217351879904587
            ],
            "logsize": [],
            "var-time": [
                0.0003424299986081702
            ]
        },
        "2": {
            "times": [
                10.99904
            ],
            "variances": [
                0.0006593604139999804
            ],
            "var-time": [
                5.99470875640038e-05
            ]
        }
    },
    "provsql": {
        "times": [
            129.836222
        ],
        "variances": [
            0.261127823749009
        ],
        "var-time": [
            0.0020112093507234753
        ]
    },
    "links": {
        "times": [],
        "variances": [],
        "var-time": []
    },
    "postgresql": {
        "times": [
            0.178944
        ],
        "variances": [
            1.7828780952380751e-07
        ],
        "var-time": [
            9.963329841950974e-07
        ]
    },
    "duckdb": {
        "times": [
            0.221
        ],
        "variances": [
            9.476190476190493e-06
        ],
        "var-time": [
            4.2878689937513545e-05
        ]
    }
}