{
    "gprom": {
        "p": {
            "storage": []
        },
        "d": {
            "storage": []
        }
    },
    "smokedduck": {
        "storage": [
            0.5,
            7.25,
            31.5
        ]
    },
    "sqlprov": {
        "storage": [
            6.5234375,
            65.1171875,
            325.5546875
        ]
    },
    "provsql": {
        "storage": [
            8.739583333333334,
            111.07291666666667,
            639.0729166666666
        ]
    },
    "links": {
        "storage": []
    }
}