{
    "gprom": {
        "p": {
            "times": [
                0.07595,
                0.155895,
                0.499384
            ],
            "variances": [
                2.2893999999999778e-08,
                5.038825714285659e-07,
                5.97525714285794e-08
            ],
            "var-time": [
                3.014351547070412e-07,
                3.2321919973608253e-06,
                1.1965255480467817e-07
            ]
        },
        "d": {
            "times": [
                0.0412,
                0.0923,
                0.24
            ],
            "variances": [
                1.9142857142857275e-07,
                5.061904761904718e-07,
                3.3333333333333394e-07
            ],
            "var-time": [
                4.646324549237203e-06,
                5.484187174327971e-06,
                1.3888888888888915e-06
            ]
        }
    },
    "smokedduck": {
        "1": {
            "times": [
                0.0335,
                0.0577,
                0.133
            ],
            "variances": [
                2.3238095238095265e-07,
                1.1809523809523859e-07,
                9.52380952380954e-07
            ],
            "var-time": [
                6.936744847192616e-06,
                2.0467112321531816e-06,
                7.1607590404583005e-06
            ]
        },
        "2": {
            "times": [
                0.018196,
                0.094552,
                0.474551
            ],
            "variances": [
                1.5395014285714283e-07,
                6.037838095238104e-07,
                3.1562881428571378e-06
            ],
            "var-time": [
                8.460658543478941e-06,
                6.385732819229741e-06,
                6.651104186604048e-06
            ]
        }
    },
    "sqlprov": {
        "1": {
            "times": [
                0.568114,
                4.263114,
                20.463544000000002
            ],
            "variances": [
                3.4210616190476456e-06,
                0.00010938019095238314,
                0.004151112756142835
            ],
            "logsize": [],
            "var-time": [
                6.021787210045247e-06,
                2.565734600397342e-05,
                0.00020285404894395783
            ]
        },
        "2": {
            "times": [
                0.170821,
                1.810579,
                7.69637
            ],
            "variances": [
                6.080695238095617e-08,
                1.2850583809523647e-05,
                0.0013804550629047804
            ],
            "var-time": [
                3.55968835101985e-07,
                7.0974996448780456e-06,
                0.0001793644358190654
            ]
        }
    },
    "provsql": {
        "times": [
            2.397952,
            23.567456999999997,
            121.972921
        ],
        "variances": [
            2.5969221333333228e-05,
            0.0051908909173330195,
            0.021765509341000855
        ],
        "var-time": [
            1.0829750275790852e-05,
            0.00022025672593071964,
            0.00017844542184081052
        ]
    },
    "links": {
        "times": [],
        "variances": [],
        "var-time": []
    },
    "postgresql": {
        "times": [
            0.027379999999999998,
            0.05867,
            0.18920599999999999
        ],
        "variances": [
            5.079205714285716e-07,
            2.842476190476325e-09,
            2.9424680952381454e-07
        ],
        "var-time": [
            1.8550787853490564e-05,
            4.844854594300878e-08,
            1.5551663769849506e-06
        ]
    },
    "duckdb": {
        "times": [
            0.0325,
            0.0547,
            0.123
        ],
        "variances": [
            9.571428571428591e-08,
            1.4980952380952404e-06,
            2.857142857142862e-07
        ],
        "var-time": [
            2.945054945054951e-06,
            2.7387481500827064e-05,
            2.3228803716608634e-06
        ]
    }
}